booking_id,guest_id,room_id,room_number,room_type,booking_date,check_in,check_out,nights,lead_time_days,adults,children,booking_month,weekday,season,channel,nationality,breakfast,upgraded,member_tier_at_booking,status,cancel_date,rate_per_night,room_charge,extra_charge,discount,service_charge,vat,total_price,commission,net_revenue
1,1,5,105,Standard,2024-09-07,2025-01-31,2025-02-01,1,146,1,0,2025-01,Friday,High,OTA,Japanese,0,0,Regular,CHECKED_OUT,,1610.0,1610.0,0,0.0,161.0,123.97,1894.97,284.25,1610.72
2,2,10,110,Deluxe,2024-09-08,2025-03-07,2025-03-08,1,180,1,0,2025-03,Friday,Normal,OTA,Australian,0,0,Regular,CANCELLED,2025-02-12,2024.0,2024.0,0,0.0,202.4,155.85,2382.25,357.34,2024.91
3,2,13,203,Suite,2024-09-16,2025-01-18,2025-01-26,8,124,3,0,2025-01,Saturday,High,OTA,Australian,1,0,Regular,CHECKED_OUT,,4830.0,38640.0,8400,0.0,4704.0,3622.08,55366.08,8304.91,47061.17
4,3,1,101,Standard,2024-09-20,2025-01-10,2025-01-16,6,112,1,0,2025-01,Friday,High,Website,German,1,0,Regular,CHECKED_OUT,,1610.0,9660.0,2100,0.0,1176.0,905.52,13841.52,276.83,13564.69
5,4,6,106,Standard,2024-09-20,2025-01-02,2025-01-14,12,104,1,0,2025-01,Thursday,High,OTA,German,1,0,Regular,CHECKED_OUT,,1610.0,19320.0,4200,0.0,2352.0,1811.04,27683.04,4152.46,23530.58
6,5,8,108,Deluxe,2024-09-21,2025-01-01,2025-01-13,12,102,2,0,2025-01,Wednesday,High,Website,American,1,0,Regular,CHECKED_OUT,,2530.0,30360.0,8400,0.0,3876.0,2984.52,45620.52,912.41,44708.11
7,3,9,109,Deluxe,2024-09-22,2025-03-21,2025-03-22,1,180,2,0,2025-03,Friday,Normal,OTA,German,1,0,Regular,CHECKED_OUT,,2024.0,2024.0,700,0.0,272.4,209.75,3206.15,480.92,2725.23
8,3,4,104,Standard,2024-09-30,2025-02-17,2025-03-03,14,140,2,0,2025-02,Monday,High,Phone,German,1,0,Regular,CHECKED_OUT,,1610.0,22540.0,9800,0.0,3234.0,2490.18,38064.18,0.0,38064.18
9,6,13,203,Suite,2024-09-30,2025-01-11,2025-01-17,6,103,2,2,2025-01,Saturday,High,OTA,Russian,0,0,Regular,CHECKED_OUT,,4830.0,28980.0,0,0.0,2898.0,2231.46,34109.46,5116.42,28993.04
10,7,1,101,Standard,2024-10-02,2025-01-31,2025-02-03,3,121,2,1,2025-01,Friday,High,Website,Thai,1,0,Regular,NO_SHOW,,1610.0,4830.0,2100,0.0,693.0,533.61,8156.61,163.13,7993.48
11,8,11,201,Deluxe,2024-10-04,2025-01-08,2025-01-17,9,96,1,0,2025-01,Wednesday,High,Website,German,1,0,Regular,CHECKED_OUT,,2530.0,22770.0,3150,0.0,2592.0,1995.84,30507.84,610.16,29897.68
12,4,1,101,Standard,2024-10-07,2025-01-25,2025-01-31,6,110,1,0,2025-01,Saturday,High,OTA,German,1,0,Regular,CHECKED_OUT,,1610.0,9660.0,2100,0.0,1176.0,905.52,13841.52,2076.23,11765.29
13,9,10,110,Deluxe,2024-10-07,2025-04-05,2025-04-10,5,180,1,0,2025-04,Saturday,Normal,Phone,British,1,0,Regular,CHECKED_OUT,,2024.0,10120.0,1750,0.0,1187.0,913.99,13970.99,0.0,13970.99
14,9,12,202,Suite,2024-10-13,2025-01-16,2025-01-24,8,95,1,0,2025-01,Thursday,High,Website,British,1,0,Regular,CANCELLED,2024-12-20,4830.0,38640.0,2800,0.0,4144.0,3190.88,48774.88,975.5,47799.38
15,10,10,110,Deluxe,2024-10-13,2025-03-07,2025-03-13,6,145,2,0,2025-03,Friday,Normal,OTA,British,1,0,Regular,CHECKED_OUT,,2024.0,12144.0,4200,0.0,1634.4,1258.49,19236.89,2885.53,16351.35
16,2,15,205,Family,2024-10-15,2025-01-23,2025-01-24,1,100,2,2,2025-01,Thursday,High,Website,Australian,1,0,Regular,CHECKED_OUT,,3450.0,3450.0,700,0.0,415.0,319.55,4884.55,97.69,4786.86
17,6,7,107,Deluxe,2024-10-15,2025-03-08,2025-03-11,3,144,2,0,2025-03,Saturday,Normal,OTA,Russian,1,0,Regular,CANCELLED,2024-12-22,2024.0,6072.0,2100,0.0,817.2,629.24,9618.44,1442.77,8175.68
18,6,7,107,Deluxe,2024-10-16,2025-01-12,2025-01-16,4,88,2,0,2025-01,Sunday,High,OTA,Russian,0,0,Regular,CHECKED_OUT,,2530.0,10120.0,0,0.0,1012.0,779.24,11911.24,1786.69,10124.55
19,11,8,108,Deluxe,2024-10-16,2025-02-01,2025-02-04,3,108,2,0,2025-02,Saturday,High,Phone,Russian,0,0,Regular,CANCELLED,2025-01-04,2530.0,7590.0,0,0.0,759.0,584.43,8933.43,0.0,8933.43
20,3,4,104,Standard,2024-10-18,2025-04-16,2025-04-23,7,180,2,0,2025-04,Wednesday,Normal,OTA,German,1,0,Silver,CHECKED_OUT,,1288.0,9016.0,4900,695.8,1322.02,1017.96,15560.18,2334.03,13226.15
21,6,9,109,Deluxe,2024-10-19,2025-02-01,2025-02-06,5,105,1,0,2025-02,Saturday,High,OTA,Russian,0,0,Silver,CHECKED_OUT,,2530.0,12650.0,0,632.5,1201.75,925.35,14144.6,2121.69,12022.91
22,10,4,104,Standard,2024-10-19,2025-01-04,2025-01-08,4,77,2,0,2025-01,Saturday,High,Website,British,0,0,Regular,CHECKED_OUT,,1610.0,6440.0,0,0.0,644.0,495.88,7579.88,151.6,7428.28
23,12,2,102,Standard,2024-10-20,2025-02-05,2025-02-08,3,108,2,0,2025-02,Wednesday,High,Website,Indian,0,0,Regular,CHECKED_OUT,,1610.0,4830.0,0,0.0,483.0,371.91,5684.91,113.7,5571.21
24,5,15,205,Family,2024-10-22,2025-01-04,2025-01-09,5,74,2,2,2025-01,Saturday,High,OTA,American,1,0,Regular,CHECKED_OUT,,3450.0,17250.0,3500,0.0,2075.0,1597.75,24422.75,3663.41,20759.34
25,13,5,105,Standard,2024-10-23,2025-02-08,2025-02-12,4,108,2,0,2025-02,Saturday,High,Phone,Japanese,0,0,Regular,CHECKED_OUT,,1610.0,6440.0,0,0.0,644.0,495.88,7579.88,0.0,7579.88
26,14,2,102,Standard,2024-10-25,2025-02-23,2025-02-27,4,121,1,0,2025-02,Sunday,High,OTA,Russian,0,0,Regular,CHECKED_OUT,,1610.0,6440.0,0,0.0,644.0,495.88,7579.88,1136.98,6442.9
27,15,12,202,Suite,2024-10-25,2025-01-24,2025-01-26,2,91,2,2,2025-01,Friday,High,Website,Japanese,1,0,Regular,NO_SHOW,,4830.0,9660.0,1400,0.0,1106.0,851.62,13017.62,260.35,12757.27
28,16,14,204,Family,2024-10-26,2025-02-07,2025-02-09,2,104,2,1,2025-02,Friday,High,OTA,British,1,0,Regular,CANCELLED,2025-01-21,3450.0,6900.0,1400,0.0,830.0,639.1,9769.1,1465.37,8303.74
29,17,8,108,Deluxe,2024-10-27,2025-02-09,2025-02-15,6,105,2,0,2025-02,Sunday,High,Phone,Russian,1,0,Regular,CHECKED_OUT,,2530.0,15180.0,4200,0.0,1938.0,1492.26,22810.26,0.0,22810.26
30,18,2,102,Standard,2024-10-27,2025-04-25,2025-05-01,6,180,2,0,2025-04,Friday,Normal,OTA,Russian,1,0,Regular,CHECKED_OUT,,1288.0,7728.0,4200,0.0,1192.8,918.46,14039.26,2105.89,11933.37
31,3,15,205,Family,2024-10-28,2025-01-24,2025-02-03,10,88,2,0,2025-01,Friday,High,Phone,German,0,0,Silver,CHECKED_OUT,,3450.0,34500.0,0,1725.0,3277.5,2523.68,38576.18,0.0,38576.18
32,19,9,109,Deluxe,2024-10-28,2025-04-13,2025-04-16,3,167,2,0,2025-04,Sunday,Normal,Website,German,0,0,Regular,CHECKED_OUT,,2024.0,6072.0,0,0.0,607.2,467.54,7146.74,142.93,7003.81
33,20,7,107,Deluxe,2024-10-28,2025-01-10,2025-01-12,2,74,2,0,2025-01,Friday,High,OTA,Korean,0,0,Regular,CHECKED_OUT,,2530.0,5060.0,0,0.0,506.0,389.62,5955.62,893.34,5062.28
34,21,10,110,Deluxe,2024-10-29,2025-01-06,2025-01-08,2,69,2,0,2025-01,Monday,High,Phone,Chinese,0,0,Regular,CHECKED_OUT,,2530.0,5060.0,0,0.0,506.0,389.62,5955.62,0.0,5955.62
35,22,15,205,Family,2024-10-30,2025-02-08,2025-02-11,3,101,3,0,2025-02,Saturday,High,OTA,German,1,0,Regular,CHECKED_OUT,,3450.0,10350.0,3150,0.0,1350.0,1039.5,15889.5,2383.42,13506.08
36,14,4,104,Standard,2024-10-30,2025-04-28,2025-05-02,4,180,2,0,2025-04,Monday,Normal,Website,Russian,1,0,Regular,CHECKED_OUT,,1288.0,5152.0,2800,0.0,795.2,612.3,9359.5,187.19,9172.31
37,10,14,204,Family,2024-10-31,2025-01-24,2025-01-26,2,85,2,0,2025-01,Friday,High,Website,British,0,0,Regular,CHECKED_OUT,,3450.0,6900.0,0,0.0,690.0,531.3,8121.3,162.43,7958.87
38,23,9,109,Deluxe,2024-10-31,2025-01-10,2025-01-19,9,71,1,0,2025-01,Friday,High,Website,Russian,1,0,Regular,CHECKED_OUT,,2530.0,22770.0,3150,0.0,2592.0,1995.84,30507.84,610.16,29897.68
39,24,8,108,Deluxe,2024-11-04,2025-02-15,2025-02-17,2,103,1,0,2025-02,Saturday,High,OTA,Indian,0,0,Regular,CHECKED_OUT,,2530.0,5060.0,0,0.0,506.0,389.62,5955.62,893.34,5062.28
40,16,7,107,Deluxe,2024-11-04,2025-02-19,2025-02-22,3,107,2,0,2025-02,Wednesday,High,Phone,British,1,0,Regular,CHECKED_OUT,,2530.0,7590.0,2100,0.0,969.0,746.13,11405.13,0.0,11405.13
41,25,9,109,Deluxe,2024-11-05,2025-03-07,2025-03-20,13,122,2,0,2025-03,Friday,Normal,OTA,Australian,0,0,Regular,CHECKED_OUT,,2024.0,26312.0,0,0.0,2631.2,2026.02,30969.22,4645.38,26323.84
42,26,3,103,Standard,2024-11-06,2025-01-18,2025-01-19,1,73,2,2,2025-01,Saturday,High,Phone,Russian,0,0,Regular,CHECKED_OUT,,1610.0,1610.0,0,0.0,161.0,123.97,1894.97,0.0,1894.97
43,8,10,110,Deluxe,2024-11-08,2025-01-12,2025-01-15,3,65,1,0,2025-01,Sunday,High,Website,German,0,0,Regular,CHECKED_OUT,,2750.0,8250.0,0,0.0,825.0,635.25,9710.25,194.21,9516.05
44,27,14,204,Family,2024-11-10,2025-02-28,2025-03-01,1,110,2,1,2025-02,Friday,High,OTA,Korean,1,0,Regular,CHECKED_OUT,,3450.0,3450.0,700,0.0,415.0,319.55,4884.55,732.68,4151.87
45,28,11,201,Deluxe,2024-11-10,2025-02-22,2025-02-23,1,104,2,0,2025-02,Saturday,High,OTA,British,1,0,Regular,CHECKED_OUT,,2530.0,2530.0,700,0.0,323.0,248.71,3801.71,570.26,3231.45
46,5,4,104,Standard,2024-11-10,2025-04-24,2025-04-28,4,165,2,0,2025-04,Thursday,Normal,Phone,American,1,0,Regular,CHECKED_OUT,,1288.0,5152.0,2800,0.0,795.2,612.3,9359.5,0.0,9359.5
47,29,2,102,Standard,2024-11-11,2025-01-17,2025-01-20,3,67,1,0,2025-01,Friday,High,OTA,Chinese,1,0,Regular,CHECKED_OUT,,1610.0,4830.0,1050,0.0,588.0,452.76,6920.76,1038.11,5882.65
48,30,13,203,Suite,2024-11-11,2025-01-04,2025-01-06,2,54,2,1,2025-01,Saturday,High,OTA,British,1,0,Regular,CANCELLED,2024-12-26,4830.0,9660.0,1400,0.0,1106.0,851.62,13017.62,1952.64,11064.98
49,31,3,103,Standard,2024-11-12,2025-04-02,2025-04-03,1,141,2,0,2025-04,Wednesday,Normal,OTA,Russian,0,0,Regular,CANCELLED,2025-02-16,1288.0,1288.0,0,0.0,128.8,99.18,1515.98,227.4,1288.58
50,32,4,104,Standard,2024-11-13,2025-02-15,2025-02-17,2,94,1,0,2025-02,Saturday,High,Website,Russian,1,0,Regular,CHECKED_OUT,,1610.0,3220.0,700,0.0,392.0,301.84,4613.84,92.28,4521.56
51,27,8,108,Deluxe,2024-11-14,2025-01-18,2025-01-20,2,65,2,0,2025-01,Saturday,High,OTA,Korean,0,0,Regular,CANCELLED,2024-12-24,2530.0,5060.0,0,0.0,506.0,389.62,5955.62,893.34,5062.28
52,19,10,110,Deluxe,2024-11-14,2025-01-08,2025-01-11,3,55,2,2,2025-01,Wednesday,High,OTA,German,1,0,Regular,CHECKED_OUT,,2530.0,7590.0,2100,0.0,969.0,746.13,11405.13,1710.77,9694.36
53,14,12,202,Suite,2024-11-16,2025-01-10,2025-01-12,2,55,3,0,2025-01,Friday,High,OTA,Russian,1,0,Regular,CHECKED_OUT,,5250.0,10500.0,2100,0.0,1260.0,970.2,14830.2,2224.53,12605.67
54,13,12,202,Suite,2024-11-16,2025-01-01,2025-01-03,2,46,3,0,2025-01,Wednesday,High,OTA,Japanese,0,0,Regular,CANCELLED,2024-12-29,4830.0,9660.0,0,0.0,966.0,743.82,11369.82,1705.47,9664.35
55,33,13,203,Suite,2024-11-16,2025-04-03,2025-04-07,4,138,2,2,2025-04,Thursday,Normal,OTA,American,0,0,Regular,CHECKED_OUT,,3864.0,15456.0,0,0.0,1545.6,1190.11,18191.71,2728.76,15462.96
56,32,4,104,Standard,2024-11-17,2025-01-24,2025-01-31,7,68,2,2,2025-01,Friday,High,OTA,Russian,1,0,Regular,CHECKED_OUT,,1610.0,11270.0,4900,0.0,1617.0,1245.09,19032.09,2854.81,16177.28
57,8,8,108,Deluxe,2024-11-18,2025-01-24,2025-01-31,7,67,3,0,2025-01,Friday,High,Website,German,1,0,Regular,CANCELLED,2024-11-27,2530.0,17710.0,7350,0.0,2506.0,1929.62,29495.62,589.91,28905.71
58,34,3,103,Standard,2024-11-19,2025-01-26,2025-02-02,7,68,2,0,2025-01,Sunday,High,OTA,Chinese,1,0,Regular,CHECKED_OUT,,1610.0,11270.0,4900,0.0,1617.0,1245.09,19032.09,2854.81,16177.28
59,35,9,109,Deluxe,2024-11-19,2025-03-01,2025-03-03,2,102,2,0,2025-03,Saturday,Normal,OTA,Russian,1,0,Regular,CANCELLED,2024-12-26,2024.0,4048.0,1400,0.0,544.8,419.5,6412.3,961.84,5450.45
60,36,15,205,Family,2024-11-19,2025-01-10,2025-01-11,1,52,2,1,2025-01,Friday,High,OTA,Thai,1,0,Regular,CHECKED_OUT,,3750.0,3750.0,700,0.0,445.0,342.65,5237.65,785.65,4452.0
61,37,14,204,Family,2024-11-20,2025-01-31,2025-02-14,14,72,2,2,2025-01,Friday,High,OTA,American,0,0,Regular,CHECKED_OUT,,3450.0,48300.0,0,0.0,4830.0,3719.1,56849.1,8527.36,48321.74
62,38,12,202,Suite,2024-11-21,2025-01-07,2025-01-08,1,47,2,0,2025-01,Tuesday,High,Website,Thai,0,0,Regular,CHECKED_OUT,,4830.0,4830.0,0,0.0,483.0,371.91,5684.91,113.7,5571.21
63,10,15,205,Family,2024-11-21,2025-03-09,2025-03-19,10,108,3,0,2025-03,Sunday,Normal,OTA,British,0,0,Silver,CHECKED_OUT,,2760.0,27600.0,0,1380.0,2622.0,2018.94,30860.94,4629.14,26231.8
64,39,4,104,Standard,2024-11-21,2025-02-03,2025-02-06,3,74,1,0,2025-02,Monday,High,OTA,Chinese,1,0,Regular,CHECKED_OUT,,1610.0,4830.0,1050,0.0,588.0,452.76,6920.76,1038.11,5882.65
65,20,14,204,Family,2024-11-22,2025-01-06,2025-01-09,3,45,2,1,2025-01,Monday,High,OTA,Korean,0,0,Regular,CHECKED_OUT,,3450.0,10350.0,0,0.0,1035.0,796.95,12181.95,1827.29,10354.66
66,40,5,105,Standard,2024-11-23,2025-01-05,2025-01-07,2,43,2,0,2025-01,Sunday,High,Phone,Indian,1,0,Regular,CHECKED_OUT,,1610.0,3220.0,1400,0.0,462.0,355.74,5437.74,0.0,5437.74
67,20,2,102,Standard,2024-11-23,2025-01-23,2025-01-25,2,61,3,0,2025-01,Thursday,High,Website,Korean,0,0,Regular,CHECKED_OUT,,1610.0,3220.0,0,0.0,322.0,247.94,3789.94,75.8,3714.14
68,25,7,107,Deluxe,2024-11-24,2025-02-02,2025-02-12,10,70,2,0,2025-02,Sunday,High,OTA,Australian,1,0,Regular,CHECKED_OUT,,2530.0,25300.0,7000,0.0,3230.0,2487.1,38017.1,5702.56,32314.53
69,35,5,105,Standard,2024-11-25,2025-01-04,2025-01-05,1,40,1,0,2025-01,Saturday,High,Phone,Russian,0,0,Regular,CHECKED_OUT,,1610.0,1610.0,0,0.0,161.0,123.97,1894.97,0.0,1894.97
70,24,4,104,Standard,2024-11-25,2025-01-01,2025-01-03,2,37,3,0,2025-01,Wednesday,High,Phone,Indian,1,0,Regular,CHECKED_OUT,,1610.0,3220.0,2100,0.0,532.0,409.64,6261.64,0.0,6261.64
71,41,11,201,Deluxe,2024-11-25,2025-03-04,2025-03-05,1,99,2,0,2025-03,Tuesday,Normal,OTA,Singaporean,0,0,Regular,CANCELLED,2025-03-04,2024.0,2024.0,0,0.0,202.4,155.85,2382.25,357.34,2024.91
72,32,14,204,Family,2024-11-25,2025-01-27,2025-01-30,3,63,2,2,2025-01,Monday,High,OTA,Russian,1,0,Regular,CANCELLED,2025-01-06,3450.0,10350.0,2100,0.0,1245.0,958.65,14653.65,2198.05,12455.6
73,15,3,103,Standard,2024-11-26,2025-01-01,2025-01-03,2,36,2,0,2025-01,Wednesday,High,Phone,Japanese,1,0,Regular,CHECKED_OUT,,1610.0,3220.0,1400,0.0,462.0,355.74,5437.74,0.0,5437.74
74,42,10,110,Deluxe,2024-11-28,2025-01-23,2025-01-24,1,56,3,0,2025-01,Thursday,High,OTA,Australian,1,0,Regular,CANCELLED,2025-01-09,2530.0,2530.0,1050,0.0,358.0,275.66,4213.66,632.05,3581.61
75,43,14,204,Family,2024-11-28,2025-03-07,2025-03-10,3,99,2,1,2025-03,Friday,Normal,Website,German,1,0,Regular,NO_SHOW,,2760.0,8280.0,2100,0.0,1038.0,799.26,12217.26,244.35,11972.91
76,24,11,201,Deluxe,2024-11-28,2025-01-17,2025-01-20,3,50,2,0,2025-01,Friday,High,OTA,Indian,1,0,Regular,CHECKED_OUT,,2530.0,7590.0,2100,0.0,969.0,746.13,11405.13,1710.77,9694.36
77,44,6,106,Standard,2024-11-30,2025-01-24,2025-02-03,10,55,3,0,2025-01,Friday,High,OTA,Russian,1,0,Regular,CANCELLED,2025-01-22,1750.0,17500.0,10500,0.0,2800.0,2156.0,32956.0,4943.4,28012.6
78,28,12,202,Suite,2024-11-30,2025-05-29,2025-05-31,2,180,2,1,2025-05,Thursday,Low,OTA,British,0,0,Regular,CHECKED_OUT,,3477.6,6955.2,0,0.0,695.52,535.55,8186.27,1227.94,6958.33
79,45,2,102,Standard,2024-11-30,2025-01-28,2025-01-30,2,59,1,0,2025-01,Tuesday,High,OTA,Malaysian,0,0,Regular,CHECKED_OUT,,1610.0,3220.0,0,0.0,322.0,247.94,3789.94,568.49,3221.45
80,46,6,106,Standard,2024-11-30,2025-04-09,2025-04-11,2,130,3,0,2025-04,Wednesday,Normal,OTA,Russian,1,0,Regular,CHECKED_OUT,,1288.0,2576.0,2100,0.0,467.6,360.05,5503.65,825.55,4678.1
81,47,15,205,Family,2024-11-30,2025-03-19,2025-03-26,7,109,3,0,2025-03,Wednesday,Normal,OTA,German,1,0,Regular,CHECKED_OUT,,2760.0,19320.0,7350,0.0,2667.0,2053.59,31390.59,4708.59,26682.0
82,30,14,204,Family,2024-12-01,2025-01-10,2025-01-12,2,40,2,2,2025-01,Friday,High,OTA,British,1,0,Regular,CHECKED_OUT,,3750.0,7500.0,1400,0.0,890.0,685.3,10475.3,1571.29,8904.0
83,6,15,205,Family,2024-12-02,2025-02-07,2025-02-08,1,67,2,1,2025-02,Friday,High,Phone,Russian,1,0,Silver,CHECKED_OUT,,3450.0,3450.0,700,207.5,394.25,303.57,4640.32,0.0,4640.32
84,34,12,202,Suite,2024-12-03,2025-02-06,2025-02-07,1,65,2,2,2025-02,Thursday,High,OTA,Chinese,1,0,Regular,CANCELLED,2025-01-21,4830.0,4830.0,700,0.0,553.0,425.81,6508.81,976.32,5532.49
85,44,8,108,Deluxe,2024-12-03,2025-02-04,2025-02-06,2,63,2,0,2025-02,Tuesday,High,OTA,Russian,1,0,Regular,CANCELLED,2025-01-12,2530.0,5060.0,1400,0.0,646.0,497.42,7603.42,1140.51,6462.91
86,48,5,105,Standard,2024-12-04,2025-03-03,2025-03-06,3,89,2,0,2025-03,Monday,Normal,Phone,British,1,0,Regular,CHECKED_OUT,,1288.0,3864.0,2100,0.0,596.4,459.23,7019.63,0.0,7019.63
87,49,9,109,Deluxe,2024-12-04,2025-01-03,2025-01-05,2,30,1,0,2025-01,Friday,High,Phone,Thai,0,0,Regular,CHECKED_OUT,,2530.0,5060.0,0,0.0,506.0,389.62,5955.62,0.0,5955.62
88,50,13,203,Suite,2024-12-04,2025-01-06,2025-01-11,5,33,2,0,2025-01,Monday,High,OTA,Chinese,0,1,Regular,NO_SHOW,,5250.0,26250.0,0,0.0,2625.0,2021.25,30896.25,4634.44,26261.81
89,12,15,205,Family,2024-12-04,2025-01-16,2025-01-17,1,43,3,0,2025-01,Thursday,High,Website,Indian,1,0,Regular,CHECKED_OUT,,3450.0,3450.0,1050,0.0,450.0,346.5,5296.5,105.93,5190.57
90,51,5,105,Standard,2024-12-05,2025-01-10,2025-01-12,2,36,2,0,2025-01,Friday,High,OTA,Singaporean,1,0,Regular,CANCELLED,2024-12-15,1925.0,3850.0,1400,0.0,525.0,404.25,6179.25,926.89,5252.36
91,34,12,202,Suite,2024-12-05,2025-01-04,2025-01-07,3,30,2,0,2025-01,Saturday,High,OTA,Chinese,0,0,Regular,CHECKED_OUT,,5250.0,15750.0,0,0.0,1575.0,1212.75,18537.75,2780.66,15757.09
92,52,4,104,Standard,2024-12-05,2025-01-11,2025-01-17,6,37,2,0,2025-01,Saturday,High,Website,German,1,0,Regular,CHECKED_OUT,,1750.0,10500.0,4200,0.0,1470.0,1131.9,17301.9,346.04,16955.86
93,53,12,202,Suite,2024-12-06,2025-01-29,2025-02-10,12,54,2,0,2025-01,Wednesday,High,OTA,Indian,1,1,Regular,CHECKED_OUT,,4830.0,57960.0,8400,0.0,6636.0,5109.72,78105.72,11715.86,66389.86
94,54,5,105,Standard,2024-12-06,2025-01-16,2025-01-30,14,41,2,0,2025-01,Thursday,High,Website,Russian,1,0,Regular,CHECKED_OUT,,1610.0,22540.0,9800,0.0,3234.0,2490.18,38064.18,761.28,37302.9
95,55,15,205,Family,2024-12-06,2025-01-17,2025-01-19,2,42,2,2,2025-01,Friday,High,OTA,Chinese,0,0,Regular,CANCELLED,2025-01-06,3450.0,6900.0,0,0.0,690.0,531.3,8121.3,1218.19,6903.11
96,56,1,101,Standard,2024-12-06,2025-01-02,2025-01-04,2,27,1,0,2025-01,Thursday,High,OTA,Korean,0,0,Regular,CHECKED_OUT,,1610.0,3220.0,0,0.0,322.0,247.94,3789.94,568.49,3221.45
97,57,11,201,Deluxe,2024-12-07,2025-01-30,2025-02-01,2,54,2,0,2025-01,Thursday,High,Website,Japanese,1,0,Regular,CHECKED_OUT,,2530.0,5060.0,1400,0.0,646.0,497.42,7603.42,152.07,7451.35
98,58,9,109,Deluxe,2024-12-07,2025-01-07,2025-01-09,2,31,1,0,2025-01,Tuesday,High,OTA,Russian,0,0,Regular,CHECKED_OUT,,2750.0,5500.0,0,0.0,550.0,423.5,6473.5,971.02,5502.48
99,17,8,108,Deluxe,2024-12-07,2025-01-14,2025-01-16,2,38,2,0,2025-01,Tuesday,High,OTA,Russian,1,0,Regular,CHECKED_OUT,,2750.0,5500.0,1400,0.0,690.0,531.3,8121.3,1218.19,6903.11
100,59,13,203,Suite,2024-12-07,2025-02-01,2025-02-08,7,56,2,0,2025-02,Saturday,High,Website,Chinese,1,0,Regular,CHECKED_OUT,,5250.0,36750.0,4900,0.0,4165.0,3207.05,49022.05,980.44,48041.61
101,60,12,202,Suite,2024-12-08,2025-01-08,2025-01-09,1,31,2,1,2025-01,Wednesday,High,Phone,German,0,0,Regular,CHECKED_OUT,,5250.0,5250.0,0,0.0,525.0,404.25,6179.25,0.0,6179.25
102,61,7,107,Deluxe,2024-12-08,2025-01-08,2025-01-10,2,31,2,0,2025-01,Wednesday,High,OTA,Chinese,0,0,Regular,CANCELLED,2024-12-18,2750.0,5500.0,0,0.0,550.0,423.5,6473.5,971.02,5502.48
103,62,13,203,Suite,2024-12-08,2025-01-03,2025-01-05,2,26,3,0,2025-01,Friday,High,OTA,Chinese,0,0,Regular,CHECKED_OUT,,4830.0,9660.0,0,0.0,966.0,743.82,11369.82,1705.47,9664.35
104,8,11,201,Deluxe,2024-12-08,2025-04-04,2025-04-13,9,117,2,2,2025-04,Friday,Normal,OTA,German,0,0,Silver,CHECKED_OUT,,2024.0,18216.0,0,910.8,1730.52,1332.5,20368.22,3055.23,17312.99
105,3,6,106,Standard,2024-12-09,2025-01-16,2025-01-19,3,38,2,0,2025-01,Thursday,High,Phone,German,0,0,Silver,CHECKED_OUT,,1750.0,5250.0,0,262.5,498.75,384.04,5870.29,0.0,5870.29
106,63,8,108,Deluxe,2024-12-10,2025-05-31,2025-06-01,1,172,2,1,2025-05,Saturday,Low,Website,American,1,0,Regular,CHECKED_OUT,,1821.6,1821.6,700,0.0,252.16,194.16,2967.92,59.36,2908.56
107,64,6,106,Standard,2024-12-10,2025-01-24,2025-01-27,3,45,1,0,2025-01,Friday,High,Website,Singaporean,0,0,Regular,CHECKED_OUT,,1750.0,5250.0,0,0.0,525.0,404.25,6179.25,123.59,6055.66
108,65,3,103,Standard,2024-12-11,2025-01-05,2025-01-09,4,25,2,2,2025-01,Sunday,High,OTA,Russian,1,0,Regular,CHECKED_OUT,,1750.0,7000.0,2800,0.0,980.0,754.6,11534.6,1730.19,9804.41
109,62,5,105,Standard,2024-12-12,2025-01-11,2025-01-13,2,30,1,0,2025-01,Saturday,High,OTA,Chinese,1,0,Regular,CHECKED_OUT,,1750.0,3500.0,700,0.0,420.0,323.4,4943.4,741.51,4201.89
110,66,3,103,Standard,2024-12-14,2025-02-02,2025-02-04,2,50,2,0,2025-02,Sunday,High,Website,American,1,0,Regular,CHECKED_OUT,,1750.0,3500.0,1400,0.0,490.0,377.3,5767.3,115.35,5651.95
111,67,1,101,Standard,2024-12-14,2025-01-04,2025-01-05,1,21,2,0,2025-01,Saturday,High,Phone,Korean,1,0,Regular,CHECKED_OUT,,1750.0,1750.0,700,0.0,245.0,188.65,2883.65,0.0,2883.65
112,24,12,202,Suite,2024-12-14,2025-01-14,2025-01-17,3,31,2,0,2025-01,Tuesday,High,Phone,Indian,1,1,Silver,CHECKED_OUT,,5250.0,15750.0,2100,892.5,1695.75,1305.73,19958.98,0.0,19958.98
113,68,8,108,Deluxe,2024-12-14,2025-02-01,2025-02-04,3,49,2,0,2025-02,Saturday,High,Phone,German,0,0,Regular,CHECKED_OUT,,2750.0,8250.0,0,0.0,825.0,635.25,9710.25,0.0,9710.25
114,69,2,102,Standard,2024-12-14,2025-01-13,2025-01-14,1,30,1,0,2025-01,Monday,High,OTA,Chinese,0,0,Regular,CANCELLED,2025-01-13,1750.0,1750.0,0,0.0,175.0,134.75,2059.75,308.96,1750.79
115,8,10,110,Deluxe,2024-12-15,2025-01-18,2025-01-21,3,34,1,0,2025-01,Saturday,High,Website,German,1,0,Silver,CHECKED_OUT,,2750.0,8250.0,1050,465.0,883.5,680.3,10398.8,207.98,10190.82
116,70,1,101,Standard,2024-12-15,2025-03-27,2025-04-10,14,102,2,1,2025-03,Thursday,Normal,OTA,Russian,1,0,Regular,CANCELLED,2024-12-17,1288.0,18032.0,9800,0.0,2783.2,2143.06,32758.26,4913.74,27844.52
117,71,3,103,Standard,2024-12-15,2025-01-09,2025-01-13,4,25,2,0,2025-01,Thursday,High,OTA,American,0,0,Regular,CHECKED_OUT,,1610.0,6440.0,0,0.0,644.0,495.88,7579.88,1136.98,6442.9
118,47,10,110,Deluxe,2024-12-15,2025-06-05,2025-06-11,6,172,2,0,2025-06,Thursday,Low,Website,German,1,0,Regular,CHECKED_OUT,,1821.6,10929.6,4200,0.0,1512.96,1164.98,17807.54,356.15,17451.39
119,72,2,102,Standard,2024-12-15,2025-01-07,2025-01-09,2,23,2,0,2025-01,Tuesday,High,OTA,Malaysian,0,0,Regular,CHECKED_OUT,,1750.0,3500.0,0,0.0,350.0,269.5,4119.5,617.92,3501.57
120,60,4,104,Standard,2024-12-15,2025-04-01,2025-04-05,4,107,3,0,2025-04,Tuesday,Normal,OTA,German,0,0,Regular,CHECKED_OUT,,1288.0,5152.0,0,0.0,515.2,396.7,6063.9,909.59,5154.32
121,73,9,109,Deluxe,2024-12-15,2025-02-16,2025-02-17,1,63,2,2,2025-02,Sunday,High,OTA,Chinese,1,0,Regular,CANCELLED,2024-12-26,2530.0,2530.0,700,0.0,323.0,248.71,3801.71,570.26,3231.45
122,5,5,105,Standard,2024-12-18,2025-02-01,2025-02-08,7,45,1,0,2025-02,Saturday,High,Website,American,0,0,Silver,CHECKED_OUT,,1750.0,12250.0,0,612.5,1163.75,896.09,13697.34,273.95,13423.39
123,74,14,204,Family,2024-12-18,2025-02-21,2025-02-23,2,65,2,1,2025-02,Friday,High,Phone,Malaysian,0,0,Regular,CHECKED_OUT,,3450.0,6900.0,0,0.0,690.0,531.3,8121.3,0.0,8121.3
124,9,10,110,Deluxe,2024-12-18,2025-01-25,2025-02-08,14,38,2,0,2025-01,Saturday,High,Website,British,1,0,Regular,CHECKED_OUT,,2750.0,38500.0,9800,0.0,4830.0,3719.1,56849.1,1136.98,55712.12
125,75,15,205,Family,2024-12-18,2025-04-04,2025-04-18,14,107,2,2,2025-04,Friday,Normal,OTA,British,1,0,Regular,CHECKED_OUT,,2760.0,38640.0,9800,0.0,4844.0,3729.88,57013.88,8552.08,48461.8
126,44,3,103,Standard,2024-12-18,2025-02-14,2025-02-28,14,58,2,0,2025-02,Friday,High,OTA,Russian,1,0,Regular,CANCELLED,2024-12-30,1610.0,22540.0,9800,0.0,3234.0,2490.18,38064.18,5709.63,32354.55
127,76,7,107,Deluxe,2024-12-19,2025-01-18,2025-02-01,14,30,2,0,2025-01,Saturday,High,OTA,British,1,0,Regular,CHECKED_OUT,,2750.0,38500.0,9800,0.0,4830.0,3719.1,56849.1,8527.36,48321.74
128,77,2,102,Standard,2024-12-19,2025-01-11,2025-01-12,1,23,2,0,2025-01,Saturday,High,OTA,Thai,0,0,Regular,CHECKED_OUT,,1925.0,1925.0,0,0.0,192.5,148.23,2265.72,339.86,1925.87
129,37,11,201,Deluxe,2024-12-19,2025-01-03,2025-01-08,5,15,2,0,2025-01,Friday,High,Phone,American,0,0,Regular,CHECKED_OUT,,2530.0,12650.0,0,0.0,1265.0,974.05,14889.05,0.0,14889.05
130,78,14,204,Family,2024-12-19,2025-01-28,2025-01-30,2,40,2,0,2025-01,Tuesday,High,OTA,Malaysian,1,0,Regular,CHECKED_OUT,,3750.0,7500.0,1400,0.0,890.0,685.3,10475.3,1571.29,8904.0
131,36,1,101,Standard,2024-12-20,2025-01-07,2025-01-09,2,18,1,0,2025-01,Tuesday,High,Website,Thai,0,0,Regular,CHECKED_OUT,,1925.0,3850.0,0,0.0,385.0,296.45,4531.45,90.63,4440.82
132,79,1,101,Standard,2024-12-20,2025-01-16,2025-01-19,3,27,2,0,2025-01,Thursday,High,OTA,Korean,0,0,Regular,CHECKED_OUT,,1750.0,5250.0,0,0.0,525.0,404.25,6179.25,926.89,5252.36
133,38,15,205,Family,2024-12-20,2025-01-17,2025-01-19,2,28,3,0,2025-01,Friday,High,OTA,Thai,0,0,Regular,CANCELLED,2025-01-05,3750.0,7500.0,0,0.0,750.0,577.5,8827.5,1324.12,7503.38
134,80,2,102,Standard,2024-12-20,2025-01-05,2025-01-06,1,16,3,0,2025-01,Sunday,High,Website,British,1,0,Regular,CHECKED_OUT,,1750.0,1750.0,1050,0.0,280.0,215.6,3295.6,65.91,3229.69
135,81,11,201,Deluxe,2024-12-20,2025-01-26,2025-01-28,2,37,2,0,2025-01,Sunday,High,Website,American,1,0,Regular,CANCELLED,2024-12-23,2750.0,5500.0,1400,0.0,690.0,531.3,8121.3,162.43,7958.87
136,82,11,201,Deluxe,2024-12-20,2025-02-10,2025-02-11,1,52,2,0,2025-02,Monday,High,OTA,Korean,0,0,Regular,CHECKED_OUT,,2530.0,2530.0,0,0.0,253.0,194.81,2977.81,446.67,2531.14
137,83,10,110,Deluxe,2024-12-20,2025-01-11,2025-01-12,1,22,2,0,2025-01,Saturday,High,OTA,Japanese,1,1,Regular,CANCELLED,2025-01-06,3300.0,3300.0,700,0.0,400.0,308.0,4708.0,706.2,4001.8
138,84,4,104,Standard,2024-12-20,2025-01-18,2025-01-22,4,29,2,0,2025-01,Saturday,High,OTA,Thai,1,0,Regular,CHECKED_OUT,,1750.0,7000.0,2800,0.0,980.0,754.6,11534.6,1730.19,9804.41
139,85,14,204,Family,2024-12-21,2025-01-12,2025-01-18,6,22,2,2,2025-01,Sunday,High,OTA,Korean,0,0,Regular,CANCELLED,2024-12-27,4125.0,24750.0,0,0.0,2475.0,1905.75,29130.75,4369.61,24761.14
140,86,3,103,Standard,2024-12-21,2025-01-22,2025-01-26,4,32,3,0,2025-01,Wednesday,High,Phone,Malaysian,1,0,Regular,NO_SHOW,,1610.0,6440.0,4200,0.0,1064.0,819.28,12523.28,0.0,12523.28
141,87,12,202,Suite,2024-12-22,2025-01-21,2025-01-22,1,30,3,0,2025-01,Tuesday,High,OTA,Chinese,1,0,Regular,CHECKED_OUT,,4830.0,4830.0,1050,0.0,588.0,452.76,6920.76,1038.11,5882.65
142,88,9,109,Deluxe,2024-12-22,2025-01-01,2025-01-02,1,10,1,0,2025-01,Wednesday,High,OTA,Thai,1,0,Regular,CHECKED_OUT,,2530.0,2530.0,350,0.0,288.0,221.76,3389.76,508.46,2881.3
143,89,15,205,Family,2024-12-23,2025-02-24,2025-02-25,1,63,3,0,2025-02,Monday,High,OTA,British,1,0,Regular,CHECKED_OUT,,3450.0,3450.0,1050,0.0,450.0,346.5,5296.5,794.48,4502.02
144,90,3,103,Standard,2024-12-23,2025-04-16,2025-04-17,1,114,1,0,2025-04,Wednesday,Normal,OTA,Russian,1,0,Regular,CHECKED_OUT,,1288.0,1288.0,350,0.0,163.8,126.13,1927.93,289.19,1638.74
145,91,8,108,Deluxe,2024-12-23,2025-03-27,2025-03-29,2,94,1,0,2025-03,Thursday,Normal,Website,British,1,0,Regular,CHECKED_OUT,,2024.0,4048.0,700,0.0,474.8,365.6,5588.4,111.77,5476.63
146,52,10,110,Deluxe,2024-12-23,2025-03-20,2025-03-22,2,87,2,0,2025-03,Thursday,Normal,OTA,German,1,0,Regular,CHECKED_OUT,,2024.0,4048.0,1400,0.0,544.8,419.5,6412.3,961.84,5450.45
147,92,12,202,Suite,2024-12-24,2025-03-09,2025-03-15,6,75,2,0,2025-03,Sunday,Normal,OTA,British,1,0,Regular,CHECKED_OUT,,3864.0,23184.0,4200,0.0,2738.4,2108.57,32230.97,4834.65,27396.32
148,93,15,205,Family,2024-12-24,2025-01-11,2025-01-16,5,18,2,1,2025-01,Saturday,High,Website,Korean,0,0,Regular,CHECKED_OUT,,4500.0,22500.0,0,0.0,2250.0,1732.5,26482.5,529.65,25952.85
149,62,8,108,Deluxe,2024-12-24,2025-01-17,2025-01-22,5,24,1,0,2025-01,Friday,High,Website,Chinese,1,1,Regular,CHECKED_OUT,,2750.0,13750.0,1750,0.0,1550.0,1193.5,18243.5,364.87,17878.63
150,94,10,110,Deluxe,2024-12-24,2025-01-02,2025-01-04,2,9,2,0,2025-01,Thursday,High,Phone,Thai,0,0,Regular,CHECKED_OUT,,2530.0,5060.0,0,0.0,506.0,389.62,5955.62,0.0,5955.62
151,95,8,108,Deluxe,2024-12-24,2025-01-30,2025-01-31,1,37,2,1,2025-01,Thursday,High,Website,Thai,0,0,Regular,CANCELLED,2025-01-02,2750.0,2750.0,0,0.0,275.0,211.75,3236.75,64.73,3172.01
152,75,7,107,Deluxe,2024-12-25,2025-01-01,2025-01-08,7,7,2,0,2025-01,Wednesday,High,OTA,British,1,1,Regular,CHECKED_OUT,,2530.0,17710.0,4900,0.0,2261.0,1740.97,26611.97,3991.8,22620.17
153,96,13,203,Suite,2024-12-26,2025-02-14,2025-02-18,4,50,2,0,2025-02,Friday,High,OTA,Malaysian,1,0,Regular,CHECKED_OUT,,4830.0,19320.0,2800,0.0,2212.0,1703.24,26035.24,3905.29,22129.95
154,97,13,203,Suite,2024-12-26,2025-01-28,2025-01-30,2,33,2,2,2025-01,Tuesday,High,OTA,Korean,0,0,Regular,CHECKED_OUT,,5250.0,10500.0,0,0.0,1050.0,808.5,12358.5,1853.77,10504.73
155,98,9,109,Deluxe,2024-12-26,2025-01-06,2025-01-07,1,11,2,0,2025-01,Monday,High,OTA,Russian,1,0,Regular,CANCELLED,2025-01-04,3025.0,3025.0,700,0.0,372.5,286.83,4384.32,657.65,3726.68
156,99,11,201,Deluxe,2024-12-27,2025-02-03,2025-02-05,2,38,2,0,2025-02,Monday,High,OTA,Korean,1,0,Regular,CHECKED_OUT,,2750.0,5500.0,1400,0.0,690.0,531.3,8121.3,1218.19,6903.11
157,100,13,203,Suite,2024-12-27,2025-02-08,2025-02-09,1,43,2,1,2025-02,Saturday,High,OTA,Russian,1,1,Regular,CANCELLED,2025-02-01,4830.0,4830.0,700,0.0,553.0,425.81,6508.81,976.32,5532.49
158,101,12,202,Suite,2024-12-27,2025-03-28,2025-03-29,1,91,2,0,2025-03,Friday,Normal,Phone,Russian,1,0,Regular,CHECKED_OUT,,3864.0,3864.0,700,0.0,456.4,351.43,5371.83,0.0,5371.83
159,102,1,101,Standard,2024-12-27,2025-02-26,2025-03-04,6,61,1,0,2025-02,Wednesday,High,OTA,Chinese,0,0,Regular,CHECKED_OUT,,1610.0,9660.0,0,0.0,966.0,743.82,11369.82,1705.47,9664.35
160,103,7,107,Deluxe,2024-12-27,2025-03-01,2025-03-02,1,64,3,0,2025-03,Saturday,Normal,Website,German,1,0,Regular,CHECKED_OUT,,2024.0,2024.0,1050,0.0,307.4,236.7,3618.1,72.36,3545.74
161,104,9,109,Deluxe,2024-12-27,2025-02-10,2025-02-11,1,45,2,0,2025-02,Monday,High,OTA,Japanese,0,0,Regular,CHECKED_OUT,,2750.0,2750.0,0,0.0,275.0,211.75,3236.75,485.51,2751.24
162,105,1,101,Standard,2024-12-28,2025-01-24,2025-01-25,1,27,1,0,2025-01,Friday,High,OTA,Thai,0,0,Regular,CHECKED_OUT,,1750.0,1750.0,0,0.0,175.0,134.75,2059.75,308.96,1750.79
163,34,3,103,Standard,2024-12-28,2025-02-22,2025-02-23,1,56,1,0,2025-02,Saturday,High,OTA,Chinese,0,0,Silver,CHECKED_OUT,,1610.0,1610.0,0,80.5,152.95,117.77,1800.22,270.03,1530.19
164,106,14,204,Family,2024-12-29,2025-03-10,2025-03-13,3,71,2,1,2025-03,Monday,Normal,Website,British,1,0,Regular,CANCELLED,2025-01-02,2760.0,8280.0,2100,0.0,1038.0,799.26,12217.26,244.35,11972.91
165,107,11,201,Deluxe,2024-12-29,2025-06-27,2025-07-11,14,180,2,2,2025-06,Friday,Low,OTA,German,1,0,Regular,CONFIRMED,,1821.6,25502.4,9800,0.0,3530.24,2718.28,41550.92,6232.64,35318.29
166,50,2,102,Standard,2024-12-29,2025-02-08,2025-02-10,2,41,1,0,2025-02,Saturday,High,Phone,Chinese,0,0,Regular,CANCELLED,2025-01-28,1610.0,3220.0,0,0.0,322.0,247.94,3789.94,0.0,3789.94
167,108,5,105,Standard,2024-12-29,2025-01-03,2025-01-04,1,5,1,0,2025-01,Friday,High,OTA,Thai,0,0,Regular,CHECKED_OUT,,1750.0,1750.0,0,0.0,175.0,134.75,2059.75,308.96,1750.79
168,109,11,201,Deluxe,2024-12-30,2025-01-02,2025-01-03,1,3,2,0,2025-01,Thursday,High,Website,Korean,0,0,Regular,CHECKED_OUT,,2750.0,2750.0,0,0.0,275.0,211.75,3236.75,64.73,3172.01
169,110,9,109,Deluxe,2024-12-30,2025-02-08,2025-02-10,2,40,2,0,2025-02,Saturday,High,Website,Malaysian,0,0,Regular,CHECKED_OUT,,2530.0,5060.0,0,0.0,506.0,389.62,5955.62,119.11,5836.51
170,111,5,105,Standard,2024-12-30,2025-04-09,2025-04-12,3,100,2,0,2025-04,Wednesday,Normal,Website,American,1,0,Regular,CHECKED_OUT,,1288.0,3864.0,2100,0.0,596.4,459.23,7019.63,140.39,6879.24
171,112,1,101,Standard,2024-12-30,2025-01-05,2025-01-06,1,6,1,0,2025-01,Sunday,High,Phone,Thai,0,0,Regular,CHECKED_OUT,,1750.0,1750.0,0,0.0,175.0,134.75,2059.75,0.0,2059.75
172,113,7,107,Deluxe,2024-12-31,2025-01-17,2025-01-18,1,17,2,0,2025-01,Friday,High,Phone,Thai,1,0,Regular,CHECKED_OUT,,2750.0,2750.0,700,0.0,345.0,265.65,4060.65,0.0,4060.65
173,114,3,103,Standard,2024-12-31,2025-01-15,2025-01-17,2,15,2,0,2025-01,Wednesday,High,OTA,Korean,0,0,Regular,CANCELLED,2025-01-03,1750.0,3500.0,0,0.0,350.0,269.5,4119.5,617.92,3501.57
174,115,12,202,Suite,2024-12-31,2025-01-03,2025-01-04,1,3,2,0,2025-01,Friday,High,Phone,Thai,0,1,Regular,CHECKED_OUT,,5250.0,5250.0,0,0.0,525.0,404.25,6179.25,0.0,6179.25
175,116,14,204,Family,2024-12-31,2025-01-14,2025-01-15,1,14,2,2,2025-01,Tuesday,High,Website,Thai,0,0,Regular,CHECKED_OUT,,3750.0,3750.0,0,0.0,375.0,288.75,4413.75,88.28,4325.48
176,117,12,202,Suite,2024-12-31,2025-01-12,2025-01-13,1,12,2,0,2025-01,Sunday,High,OTA,Chinese,0,1,Regular,CHECKED_OUT,,5775.0,5775.0,0,0.0,577.5,444.68,6797.18,1019.58,5777.6
177,118,6,106,Standard,2025-01-01,2025-02-24,2025-03-04,8,54,1,0,2025-02,Monday,High,OTA,German,0,0,Regular,CANCELLED,2025-02-15,1610.0,12880.0,0,0.0,1288.0,991.76,15159.76,2273.96,12885.8
178,119,2,102,Standard,2025-01-01,2025-01-01,2025-01-05,4,0,1,0,2025-01,Wednesday,High,Website,Chinese,1,0,Regular,CHECKED_OUT,,1610.0,6440.0,1400,0.0,784.0,603.68,9227.68,184.55,9043.13
179,6,2,102,Standard,2025-01-01,2025-02-09,2025-02-10,1,39,1,0,2025-02,Sunday,High,OTA,Russian,1,0,Silver,CANCELLED,2025-02-03,1750.0,1750.0,350,105.0,199.5,153.62,2348.11,352.22,1995.9
180,120,5,105,Standard,2025-01-01,2025-01-14,2025-01-16,2,13,2,0,2025-01,Tuesday,High,OTA,Chinese,1,0,Regular,CHECKED_OUT,,1925.0,3850.0,1400,0.0,525.0,404.25,6179.25,926.89,5252.36
181,121,6,106,Standard,2025-01-02,2025-01-29,2025-01-30,1,27,1,0,2025-01,Wednesday,High,OTA,Thai,0,0,Regular,CANCELLED,2025-01-13,1925.0,1925.0,0,0.0,192.5,148.23,2265.72,339.86,1925.87
182,122,10,110,Deluxe,2025-01-02,2025-02-10,2025-02-18,8,39,2,0,2025-02,Monday,High,OTA,Russian,0,0,Regular,CHECKED_OUT,,2750.0,22000.0,0,0.0,2200.0,1694.0,25894.0,3884.1,22009.9
183,123,2,102,Standard,2025-01-02,2025-01-22,2025-01-23,1,20,1,0,2025-01,Wednesday,High,OTA,Indian,0,0,Regular,CHECKED_OUT,,1610.0,1610.0,0,0.0,161.0,123.97,1894.97,284.25,1610.72
184,124,10,110,Deluxe,2025-01-03,2025-01-17,2025-01-18,1,14,2,2,2025-01,Friday,High,OTA,Indian,1,0,Regular,CANCELLED,2025-01-15,2750.0,2750.0,700,0.0,345.0,265.65,4060.65,609.1,3451.55
185,125,10,110,Deluxe,2025-01-03,2025-03-13,2025-03-16,3,69,2,0,2025-03,Thursday,Normal,OTA,Russian,1,0,Regular,CHECKED_OUT,,2024.0,6072.0,2100,0.0,817.2,629.24,9618.44,1442.77,8175.68
186,126,10,110,Deluxe,2025-01-03,2025-01-11,2025-01-12,1,8,1,0,2025-01,Saturday,High,Website,Chinese,1,1,Regular,NO_SHOW,,3300.0,3300.0,350,0.0,365.0,281.05,4296.05,85.92,4210.13
187,64,5,105,Standard,2025-01-03,2025-01-07,2025-01-09,2,4,3,0,2025-01,Tuesday,High,Website,Singaporean,0,0,Regular,CHECKED_OUT,,2100.0,4200.0,0,0.0,420.0,323.4,4943.4,98.87,4844.53
188,100,3,103,Standard,2025-01-03,2025-01-03,2025-01-05,2,0,2,0,2025-01,Friday,High,Website,Russian,0,0,Regular,CHECKED_OUT,,1925.0,3850.0,0,0.0,385.0,296.45,4531.45,90.63,4440.82
189,127,7,107,Deluxe,2025-01-04,2025-01-08,2025-01-10,2,4,1,0,2025-01,Wednesday,High,OTA,Malaysian,1,0,Regular,CHECKED_OUT,,3300.0,6600.0,700,0.0,730.0,562.1,8592.1,1288.82,7303.28
190,128,10,110,Deluxe,2025-01-04,2025-01-04,2025-01-05,1,0,2,0,2025-01,Saturday,High,Website,Malaysian,0,0,Regular,CANCELLED,2025-01-03,3300.0,3300.0,0,0.0,330.0,254.1,3884.1,77.68,3806.42
191,129,1,101,Standard,2025-01-04,2025-01-21,2025-01-23,2,17,1,0,2025-01,Tuesday,High,Website,Chinese,1,0,Regular,CHECKED_OUT,,1750.0,3500.0,700,0.0,420.0,323.4,4943.4,98.87,4844.53
192,130,10,110,Deluxe,2025-01-04,2025-01-05,2025-01-06,1,1,2,0,2025-01,Sunday,High,OTA,Chinese,1,0,Regular,CHECKED_OUT,,3025.0,3025.0,700,0.0,372.5,286.83,4384.32,657.65,3726.68
193,131,2,102,Standard,2025-01-04,2025-01-25,2025-01-27,2,21,2,1,2025-01,Saturday,High,OTA,Japanese,0,0,Regular,CHECKED_OUT,,1925.0,3850.0,0,0.0,385.0,296.45,4531.45,679.72,3851.73
194,79,2,102,Standard,2025-01-04,2025-01-12,2025-01-13,1,8,2,0,2025-01,Sunday,High,Website,Korean,0,0,Regular,CHECKED_OUT,,2100.0,2100.0,0,0.0,210.0,161.7,2471.7,49.43,2422.27
195,132,9,109,Deluxe,2025-01-04,2025-01-19,2025-01-20,1,15,2,2,2025-01,Sunday,High,OTA,Malaysian,1,0,Regular,CHECKED_OUT,,2750.0,2750.0,700,0.0,345.0,265.65,4060.65,609.1,3451.55
196,133,14,204,Family,2025-01-04,2025-01-27,2025-01-28,1,23,2,2,2025-01,Monday,High,Website,Thai,0,0,Regular,CHECKED_OUT,,3750.0,3750.0,0,0.0,375.0,288.75,4413.75,88.28,4325.48
197,51,15,205,Family,2025-01-04,2025-01-17,2025-01-20,3,13,2,0,2025-01,Friday,High,Website,Singaporean,0,0,Regular,CHECKED_OUT,,3750.0,11250.0,0,0.0,1125.0,866.25,13241.25,264.82,12976.42
198,21,9,109,Deluxe,2025-01-05,2025-01-05,2025-01-07,2,0,2,0,2025-01,Sunday,High,OTA,Chinese,1,0,Regular,CHECKED_OUT,,3025.0,6050.0,1400,0.0,745.0,573.65,8768.65,1315.3,7453.35
199,134,7,107,Deluxe,2025-01-05,2025-03-10,2025-03-12,2,64,2,0,2025-03,Monday,Normal,Phone,Japanese,1,0,Regular,CHECKED_OUT,,2024.0,4048.0,1400,0.0,544.8,419.5,6412.3,0.0,6412.3
200,135,13,203,Suite,2025-01-05,2025-01-05,2025-01-06,1,0,1,0,2025-01,Sunday,High,Walk-in,Thai,1,1,Regular,CHECKED_OUT,,6300.0,6300.0,350,0.0,665.0,512.05,7827.05,0.0,7827.05
201,136,10,110,Deluxe,2025-01-05,2025-01-17,2025-01-18,1,12,3,0,2025-01,Friday,High,OTA,Thai,0,0,Regular,CANCELLED,2025-01-17,2750.0,2750.0,0,0.0,275.0,211.75,3236.75,485.51,2751.24
202,137,12,202,Suite,2025-01-05,2025-02-10,2025-02-12,2,36,2,0,2025-02,Monday,High,OTA,Thai,1,0,Regular,CHECKED_OUT,,5250.0,10500.0,1400,0.0,1190.0,916.3,14006.3,2100.94,11905.35
203,138,8,108,Deluxe,2025-01-05,2025-01-26,2025-01-27,1,21,1,0,2025-01,Sunday,High,Website,American,0,1,Regular,CHECKED_OUT,,2750.0,2750.0,0,0.0,275.0,211.75,3236.75,64.73,3172.01
204,139,15,205,Family,2025-01-06,2025-02-12,2025-02-13,1,37,2,1,2025-02,Wednesday,High,OTA,Thai,1,0,Regular,CHECKED_OUT,,3450.0,3450.0,700,0.0,415.0,319.55,4884.55,732.68,4151.87
205,42,1,101,Standard,2025-01-06,2025-03-30,2025-04-02,3,83,2,0,2025-03,Sunday,Normal,OTA,Australian,0,0,Regular,CHECKED_OUT,,1288.0,3864.0,0,0.0,386.4,297.53,4547.93,682.19,3865.74
206,140,14,204,Family,2025-01-06,2025-03-21,2025-03-22,1,74,2,1,2025-03,Friday,Normal,OTA,Chinese,0,0,Regular,CHECKED_OUT,,2760.0,2760.0,0,0.0,276.0,212.52,3248.52,487.28,2761.24
207,141,12,202,Suite,2025-01-06,2025-01-17,2025-01-19,2,11,2,0,2025-01,Friday,High,OTA,Korean,0,1,Regular,CHECKED_OUT,,5250.0,10500.0,0,0.0,1050.0,808.5,12358.5,1853.77,10504.73
208,142,6,106,Standard,2025-01-06,2025-01-21,2025-01-22,1,15,1,0,2025-01,Tuesday,High,Website,Thai,1,0,Regular,CHECKED_OUT,,1750.0,1750.0,350,0.0,210.0,161.7,2471.7,49.43,2422.27
209,143,6,106,Standard,2025-01-07,2025-01-22,2025-01-23,1,15,2,2,2025-01,Wednesday,High,OTA,Chinese,1,0,Regular,CHECKED_OUT,,1750.0,1750.0,700,0.0,245.0,188.65,2883.65,432.55,2451.1
210,144,5,105,Standard,2025-01-07,2025-01-10,2025-01-11,1,3,2,0,2025-01,Friday,High,OTA,Chinese,0,0,Regular,CHECKED_OUT,,1925.0,1925.0,0,0.0,192.5,148.23,2265.72,339.86,1925.87
211,97,10,110,Deluxe,2025-01-07,2025-01-17,2025-01-18,1,10,2,0,2025-01,Friday,High,OTA,Korean,0,0,Regular,CHECKED_OUT,,2750.0,2750.0,0,0.0,275.0,211.75,3236.75,485.51,2751.24
212,145,14,204,Family,2025-01-07,2025-01-15,2025-01-16,1,8,2,2,2025-01,Wednesday,High,OTA,Chinese,1,0,Regular,CHECKED_OUT,,3750.0,3750.0,700,0.0,445.0,342.65,5237.65,785.65,4452.0
213,146,4,104,Standard,2025-01-08,2025-03-07,2025-03-09,2,58,1,0,2025-03,Friday,Normal,OTA,German,1,0,Regular,CHECKED_OUT,,1288.0,2576.0,700,0.0,327.6,252.25,3855.85,578.38,3277.47
214,147,9,109,Deluxe,2025-01-08,2025-01-30,2025-01-31,1,22,2,0,2025-01,Thursday,High,Website,Korean,1,0,Regular,CANCELLED,2025-01-29,2750.0,2750.0,700,0.0,345.0,265.65,4060.65,81.21,3979.44
215,148,1,101,Standard,2025-01-08,2025-02-17,2025-02-21,4,40,1,0,2025-02,Monday,High,OTA,Chinese,0,0,Regular,CHECKED_OUT,,1610.0,6440.0,0,0.0,644.0,495.88,7579.88,1136.98,6442.9
216,149,10,110,Deluxe,2025-01-08,2025-01-15,2025-01-16,1,7,1,0,2025-01,Wednesday,High,OTA,Thai,0,0,Regular,CHECKED_OUT,,3025.0,3025.0,0,0.0,302.5,232.93,3560.43,534.06,3026.36
217,50,15,205,Family,2025-01-08,2025-02-03,2025-02-05,2,26,3,0,2025-02,Monday,High,OTA,Chinese,1,0,Regular,CHECKED_OUT,,4125.0,8250.0,2100,0.0,1035.0,796.95,12181.95,1827.29,10354.66
218,150,10,110,Deluxe,2025-01-08,2025-03-02,2025-03-06,4,53,2,0,2025-03,Sunday,Normal,OTA,Japanese,1,0,Regular,CANCELLED,2025-02-09,2024.0,8096.0,2800,0.0,1089.6,838.99,12824.59,1923.69,10900.9
219,151,3,103,Standard,2025-01-09,2025-01-15,2025-01-16,1,6,2,0,2025-01,Wednesday,High,Website,British,1,0,Regular,CHECKED_OUT,,1925.0,1925.0,700,0.0,262.5,202.13,3089.62,61.79,3027.83
220,152,8,108,Deluxe,2025-01-09,2025-01-22,2025-01-23,1,13,2,0,2025-01,Wednesday,High,OTA,Chinese,0,0,Regular,CANCELLED,2025-01-22,2750.0,2750.0,0,0.0,275.0,211.75,3236.75,485.51,2751.24
221,153,14,204,Family,2025-01-09,2025-04-05,2025-04-06,1,86,2,2,2025-04,Saturday,Normal,Website,American,0,0,Regular,CHECKED_OUT,,2760.0,2760.0,0,0.0,276.0,212.52,3248.52,64.97,3183.55
222,154,14,204,Family,2025-01-10,2025-03-10,2025-03-12,2,59,3,0,2025-03,Monday,Normal,Phone,German,0,0,Regular,CHECKED_OUT,,2760.0,5520.0,0,0.0,552.0,425.04,6497.04,0.0,6497.04
223,155,4,104,Standard,2025-01-10,2025-02-06,2025-02-08,2,27,3,0,2025-02,Thursday,High,Phone,Thai,0,0,Regular,CANCELLED,2025-01-13,1750.0,3500.0,0,0.0,350.0,269.5,4119.5,0.0,4119.5
224,42,1,101,Standard,2025-01-10,2025-02-03,2025-02-08,5,24,2,0,2025-02,Monday,High,OTA,Australian,1,0,Regular,CHECKED_OUT,,1925.0,9625.0,3500,0.0,1312.5,1010.63,15448.12,2317.22,13130.91
225,117,8,108,Deluxe,2025-01-10,2025-02-04,2025-02-07,3,25,2,0,2025-02,Tuesday,High,OTA,Chinese,0,0,Regular,CHECKED_OUT,,3025.0,9075.0,0,0.0,907.5,698.78,10681.27,1602.19,9079.08
226,156,10,110,Deluxe,2025-01-10,2025-05-24,2025-05-25,1,134,2,0,2025-05,Saturday,Low,OTA,Australian,1,0,Regular,CHECKED_OUT,,1821.6,1821.6,700,0.0,252.16,194.16,2967.92,445.19,2522.73
227,11,1,101,Standard,2025-01-11,2025-05-11,2025-05-12,1,120,2,0,2025-05,Sunday,Low,OTA,Russian,0,0,Regular,CANCELLED,2025-02-15,1159.2,1159.2,0,0.0,115.92,89.26,1364.38,204.66,1159.72
228,1,14,204,Family,2025-01-11,2025-01-16,2025-01-17,1,5,2,1,2025-01,Thursday,High,Website,Japanese,0,0,Regular,CHECKED_OUT,,3750.0,3750.0,0,0.0,375.0,288.75,4413.75,88.28,4325.48
229,157,6,106,Standard,2025-01-11,2025-01-29,2025-02-02,4,18,2,0,2025-01,Wednesday,High,Website,Thai,0,0,Regular,CANCELLED,2025-01-13,1925.0,7700.0,0,0.0,770.0,592.9,9062.9,181.26,8881.64
230,158,7,107,Deluxe,2025-01-11,2025-01-16,2025-01-17,1,5,3,0,2025-01,Thursday,High,OTA,Thai,0,0,Regular,CHECKED_OUT,,2750.0,2750.0,0,0.0,275.0,211.75,3236.75,485.51,2751.24
231,159,9,109,Deluxe,2025-01-11,2025-01-24,2025-01-27,3,13,2,0,2025-01,Friday,High,Website,British,1,1,Regular,CHECKED_OUT,,3025.0,9075.0,2100,0.0,1117.5,860.48,13152.98,263.06,12889.92
232,160,13,203,Suite,2025-01-11,2025-01-30,2025-02-01,2,19,2,0,2025-01,Thursday,High,Website,Australian,1,0,Regular,CHECKED_OUT,,5250.0,10500.0,1400,0.0,1190.0,916.3,14006.3,280.13,13726.17
233,130,2,102,Standard,2025-01-12,2025-02-19,2025-02-21,2,38,2,0,2025-02,Wednesday,High,OTA,Chinese,1,0,Regular,CHECKED_OUT,,1610.0,3220.0,1400,0.0,462.0,355.74,5437.74,815.66,4622.08
234,161,14,204,Family,2025-01-12,2025-01-26,2025-01-27,1,14,3,0,2025-01,Sunday,High,OTA,Chinese,1,0,Regular,CANCELLED,2025-01-24,4125.0,4125.0,1050,0.0,517.5,398.48,6090.98,913.65,5177.33
235,162,11,201,Deluxe,2025-01-12,2025-02-28,2025-03-03,3,47,2,0,2025-02,Friday,High,OTA,Chinese,1,0,Regular,CHECKED_OUT,,2530.0,7590.0,2100,0.0,969.0,746.13,11405.13,1710.77,9694.36
236,113,11,201,Deluxe,2025-01-12,2025-01-24,2025-01-26,2,12,1,0,2025-01,Friday,High,OTA,Thai,0,0,Regular,CHECKED_OUT,,3025.0,6050.0,0,0.0,605.0,465.85,7120.85,1068.13,6052.72
237,163,12,202,Suite,2025-01-12,2025-02-24,2025-02-28,4,43,2,0,2025-02,Monday,High,OTA,Russian,1,0,Regular,CHECKED_OUT,,4830.0,19320.0,2800,0.0,2212.0,1703.24,26035.24,3905.29,22129.95
238,164,2,102,Standard,2025-01-13,2025-02-15,2025-02-18,3,33,2,0,2025-02,Saturday,High,Website,Chinese,0,0,Regular,CHECKED_OUT,,1610.0,4830.0,0,0.0,483.0,371.91,5684.91,113.7,5571.21
239,165,8,108,Deluxe,2025-01-13,2025-01-13,2025-01-14,1,0,2,0,2025-01,Monday,High,OTA,Thai,0,0,Regular,CANCELLED,2025-01-12,2750.0,2750.0,0,0.0,275.0,211.75,3236.75,485.51,2751.24
240,72,13,203,Suite,2025-01-13,2025-01-17,2025-01-18,1,4,2,0,2025-01,Friday,High,OTA,Malaysian,1,1,Regular,NO_SHOW,,5775.0,5775.0,700,0.0,647.5,498.58,7621.07,1143.16,6477.91
241,166,6,106,Standard,2025-01-13,2025-01-28,2025-01-29,1,15,1,0,2025-01,Tuesday,High,OTA,Chinese,0,0,Regular,CHECKED_OUT,,1750.0,1750.0,0,0.0,175.0,134.75,2059.75,308.96,1750.79
242,37,2,102,Standard,2025-01-13,2025-03-30,2025-04-02,3,76,1,0,2025-03,Sunday,Normal,Phone,American,1,0,Regular,CANCELLED,2025-02-21,1288.0,3864.0,1050,0.0,491.4,378.38,5783.78,0.0,5783.78
243,167,7,107,Deluxe,2025-01-13,2025-03-03,2025-03-08,5,49,1,0,2025-03,Monday,Normal,OTA,Korean,1,0,Regular,CANCELLED,2025-02-23,2024.0,10120.0,1750,0.0,1187.0,913.99,13970.99,2095.65,11875.34
244,168,14,204,Family,2025-01-13,2025-01-21,2025-01-22,1,8,2,2,2025-01,Tuesday,High,Website,Singaporean,0,0,Regular,CHECKED_OUT,,3750.0,3750.0,0,0.0,375.0,288.75,4413.75,88.28,4325.48
245,169,2,102,Standard,2025-01-14,2025-03-08,2025-03-09,1,53,1,0,2025-03,Saturday,Normal,Website,Malaysian,1,0,Regular,CHECKED_OUT,,1288.0,1288.0,350,0.0,163.8,126.13,1927.93,38.56,1889.37
246,170,11,201,Deluxe,2025-01-14,2025-02-02,2025-02-03,1,19,2,0,2025-02,Sunday,High,OTA,Korean,1,0,Regular,CHECKED_OUT,,3025.0,3025.0,700,0.0,372.5,286.83,4384.32,657.65,3726.68
247,171,3,103,Standard,2025-01-14,2025-01-16,2025-01-17,1,2,2,0,2025-01,Thursday,High,OTA,Thai,0,0,Regular,CHECKED_OUT,,1925.0,1925.0,0,0.0,192.5,148.23,2265.72,339.86,1925.87
248,66,8,108,Deluxe,2025-01-14,2025-03-07,2025-03-12,5,52,2,0,2025-03,Friday,Normal,Website,American,0,0,Regular,CHECKED_OUT,,2024.0,10120.0,0,0.0,1012.0,779.24,11911.24,238.22,11673.02
249,172,2,102,Standard,2025-01-14,2025-01-14,2025-01-17,3,0,2,0,2025-01,Tuesday,High,OTA,Korean,0,0,Regular,CHECKED_OUT,,1925.0,5775.0,0,0.0,577.5,444.68,6797.18,1019.58,5777.6
250,1,3,103,Standard,2025-01-14,2025-05-23,2025-05-24,1,129,1,0,2025-05,Friday,Low,OTA,Japanese,1,0,Regular,CHECKED_OUT,,1159.2,1159.2,350,0.0,150.92,116.21,1776.33,266.45,1509.88
251,5,9,109,Deluxe,2025-01-15,2025-01-29,2025-02-01,3,14,2,0,2025-01,Wednesday,High,OTA,American,1,0,Silver,CHECKED_OUT,,3025.0,9075.0,2100,558.75,1061.62,817.45,12495.33,1874.3,10621.03
252,173,15,205,Family,2025-01-15,2025-01-20,2025-01-22,2,5,3,0,2025-01,Monday,High,Phone,Thai,0,0,Regular,CHECKED_OUT,,3750.0,7500.0,0,0.0,750.0,577.5,8827.5,0.0,8827.5
253,174,14,204,Family,2025-01-15,2025-02-15,2025-02-16,1,31,2,2,2025-02,Saturday,High,OTA,Korean,0,0,Regular,CHECKED_OUT,,3450.0,3450.0,0,0.0,345.0,265.65,4060.65,609.1,3451.55
254,175,12,202,Suite,2025-01-15,2025-06-13,2025-06-15,2,149,2,1,2025-06,Friday,Low,Website,British,1,0,Regular,CHECKED_OUT,,3477.6,6955.2,1400,0.0,835.52,643.35,9834.07,196.68,9637.39
255,176,8,108,Deluxe,2025-01-15,2025-01-16,2025-01-17,1,1,2,0,2025-01,Thursday,High,OTA,Malaysian,1,0,Regular,CHECKED_OUT,,3300.0,3300.0,700,0.0,400.0,308.0,4708.0,706.2,4001.8
256,177,6,106,Standard,2025-01-15,2025-01-23,2025-01-24,1,8,1,0,2025-01,Thursday,High,OTA,Chinese,0,0,Regular,CHECKED_OUT,,1750.0,1750.0,0,0.0,175.0,134.75,2059.75,308.96,1750.79
257,178,6,106,Standard,2025-01-15,2025-01-15,2025-01-16,1,0,1,0,2025-01,Wednesday,High,Phone,German,0,0,Regular,CHECKED_OUT,,2100.0,2100.0,0,0.0,210.0,161.7,2471.7,0.0,2471.7
258,179,14,204,Family,2025-01-16,2025-01-18,2025-01-21,3,2,2,1,2025-01,Saturday,High,Website,Thai,0,0,Regular,CHECKED_OUT,,4500.0,13500.0,0,0.0,1350.0,1039.5,15889.5,317.79,15571.71
259,180,3,103,Standard,2025-01-16,2025-02-15,2025-02-17,2,30,2,0,2025-02,Saturday,High,Website,British,1,0,Regular,CHECKED_OUT,,1750.0,3500.0,1400,0.0,490.0,377.3,5767.3,115.35,5651.95
260,181,13,203,Suite,2025-01-16,2025-02-20,2025-02-25,5,35,2,0,2025-02,Thursday,High,Phone,Malaysian,0,0,Regular,NO_SHOW,,4830.0,24150.0,0,0.0,2415.0,1859.55,28424.55,0.0,28424.55
261,182,5,105,Standard,2025-01-16,2025-02-15,2025-02-17,2,30,2,0,2025-02,Saturday,High,Website,Russian,1,0,Regular,CHECKED_OUT,,1750.0,3500.0,1400,0.0,490.0,377.3,5767.3,115.35,5651.95
262,183,14,204,Family,2025-01-16,2025-01-30,2025-01-31,1,14,2,2,2025-01,Thursday,High,Website,Thai,0,0,Regular,CHECKED_OUT,,3750.0,3750.0,0,0.0,375.0,288.75,4413.75,88.28,4325.48
263,184,10,110,Deluxe,2025-01-16,2025-01-16,2025-01-17,1,0,3,0,2025-01,Thursday,High,OTA,Chinese,1,0,Regular,CHECKED_OUT,,3300.0,3300.0,1050,0.0,435.0,334.95,5119.95,767.99,4351.96
264,185,9,109,Deluxe,2025-01-16,2025-03-28,2025-04-08,11,71,2,0,2025-03,Friday,Normal,OTA,Japanese,0,0,Regular,CHECKED_OUT,,2024.0,22264.0,0,0.0,2226.4,1714.33,26204.73,3930.71,22274.02
265,186,8,108,Deluxe,2025-01-17,2025-01-24,2025-01-26,2,7,1,0,2025-01,Friday,High,OTA,Japanese,1,1,Regular,CHECKED_OUT,,3300.0,6600.0,700,0.0,730.0,562.1,8592.1,1288.82,7303.28
266,187,3,103,Standard,2025-01-17,2025-04-04,2025-04-09,5,77,1,0,2025-04,Friday,Normal,Website,Russian,1,0,Regular,CHECKED_OUT,,1288.0,6440.0,1750,0.0,819.0,630.63,9639.63,192.79,9446.84
267,43,12,202,Suite,2025-01-17,2025-04-04,2025-04-08,4,77,2,1,2025-04,Friday,Normal,Phone,German,1,1,Regular,CANCELLED,2025-03-29,4200.0,16800.0,2800,0.0,1960.0,1509.2,23069.2,0.0,23069.2
268,188,11,201,Deluxe,2025-01-17,2025-01-26,2025-01-27,1,9,2,0,2025-01,Sunday,High,Website,Thai,0,0,Regular,CHECKED_OUT,,3025.0,3025.0,0,0.0,302.5,232.93,3560.43,71.21,3489.22
269,189,9,109,Deluxe,2025-01-17,2025-02-11,2025-02-12,1,25,2,0,2025-02,Tuesday,High,OTA,Chinese,0,0,Regular,CANCELLED,2025-02-08,2750.0,2750.0,0,0.0,275.0,211.75,3236.75,485.51,2751.24
270,190,6,106,Standard,2025-01-17,2025-02-05,2025-02-06,1,19,1,0,2025-02,Wednesday,High,Website,Thai,1,0,Regular,CHECKED_OUT,,1925.0,1925.0,350,0.0,227.5,175.18,2677.68,53.55,2624.12
271,191,14,204,Family,2025-01-17,2025-01-22,2025-01-23,1,5,3,0,2025-01,Wednesday,High,Website,Indian,1,0,Regular,CHECKED_OUT,,3750.0,3750.0,1050,0.0,480.0,369.6,5649.6,112.99,5536.61
272,192,11,201,Deluxe,2025-01-18,2025-03-11,2025-03-12,1,52,2,2,2025-03,Tuesday,Normal,Phone,Chinese,0,0,Regular,CHECKED_OUT,,2200.0,2200.0,0,0.0,220.0,169.4,2589.4,0.0,2589.4
273,193,15,205,Family,2025-01-18,2025-02-15,2025-02-16,1,28,2,0,2025-02,Saturday,High,Phone,Thai,0,0,Regular,CHECKED_OUT,,3750.0,3750.0,0,0.0,375.0,288.75,4413.75,0.0,4413.75
274,194,2,102,Standard,2025-01-18,2025-03-14,2025-03-15,1,55,1,0,2025-03,Friday,Normal,Website,Chinese,0,0,Regular,CANCELLED,2025-02-28,1288.0,1288.0,0,0.0,128.8,99.18,1515.98,30.32,1485.66
275,195,6,106,Standard,2025-01-18,2025-05-09,2025-05-20,11,111,1,0,2025-05,Friday,Low,OTA,Australian,0,0,Regular,CANCELLED,2025-02-04,1159.2,12751.2,0,0.0,1275.12,981.84,15008.16,2251.22,12756.94
276,196,6,106,Standard,2025-01-18,2025-02-02,2025-02-03,1,15,2,0,2025-02,Sunday,High,Website,Thai,0,0,Regular,CHECKED_OUT,,1925.0,1925.0,0,0.0,192.5,148.23,2265.72,45.31,2220.41
277,197,3,103,Standard,2025-01-18,2025-02-04,2025-02-06,2,17,1,0,2025-02,Tuesday,High,OTA,Korean,0,0,Regular,CHECKED_OUT,,1925.0,3850.0,0,0.0,385.0,296.45,4531.45,679.72,3851.73
278,198,9,109,Deluxe,2025-01-19,2025-02-14,2025-02-16,2,26,2,1,2025-02,Friday,High,OTA,Indian,1,0,Regular,CHECKED_OUT,,2530.0,5060.0,1400,0.0,646.0,497.42,7603.42,1140.51,6462.91
279,199,6,106,Standard,2025-01-19,2025-01-19,2025-01-21,2,0,2,0,2025-01,Sunday,High,OTA,German,0,0,Regular,CANCELLED,2025-01-18,1925.0,3850.0,0,0.0,385.0,296.45,4531.45,679.72,3851.73
280,200,11,201,Deluxe,2025-01-19,2025-02-11,2025-02-19,8,23,2,0,2025-02,Tuesday,High,Phone,German,0,0,Regular,CHECKED_OUT,,2750.0,22000.0,0,0.0,2200.0,1694.0,25894.0,0.0,25894.0
281,201,12,202,Suite,2025-01-19,2025-02-15,2025-02-20,5,27,2,0,2025-02,Saturday,High,Phone,Indian,1,0,Regular,CHECKED_OUT,,5775.0,28875.0,3500,0.0,3237.5,2492.88,38105.38,0.0,38105.38
282,202,10,110,Deluxe,2025-01-19,2025-01-23,2025-01-25,2,4,1,0,2025-01,Thursday,High,Website,German,1,0,Regular,CANCELLED,2025-01-20,2750.0,5500.0,700,0.0,620.0,477.4,7297.4,145.95,7151.45
283,203,8,108,Deluxe,2025-01-20,2025-02-25,2025-03-05,8,36,2,0,2025-02,Tuesday,High,Website,Indian,1,0,Regular,CHECKED_OUT,,2530.0,20240.0,5600,0.0,2584.0,1989.68,30413.68,608.27,29805.41
284,204,1,101,Standard,2025-01-20,2025-03-08,2025-03-09,1,47,2,0,2025-03,Saturday,Normal,OTA,Korean,0,0,Regular,CHECKED_OUT,,1400.0,1400.0,0,0.0,140.0,107.8,1647.8,247.17,1400.63
285,205,14,204,Family,2025-01-20,2025-03-12,2025-03-13,1,51,2,2,2025-03,Wednesday,Normal,Website,Japanese,1,0,Regular,CHECKED_OUT,,2760.0,2760.0,700,0.0,346.0,266.42,4072.42,81.45,3990.97
286,206,8,108,Deluxe,2025-01-20,2025-02-08,2025-02-09,1,19,3,0,2025-02,Saturday,High,Phone,Thai,1,0,Regular,CHECKED_OUT,,2750.0,2750.0,1050,0.0,380.0,292.6,4472.6,0.0,4472.6
287,161,3,103,Standard,2025-01-20,2025-02-17,2025-02-19,2,28,1,0,2025-02,Monday,High,OTA,Chinese,0,0,Regular,CHECKED_OUT,,1750.0,3500.0,0,0.0,350.0,269.5,4119.5,617.92,3501.57
288,207,12,202,Suite,2025-01-20,2025-01-22,2025-01-24,2,2,2,1,2025-01,Wednesday,High,Phone,Malaysian,0,1,Regular,CHECKED_OUT,,5250.0,10500.0,0,0.0,1050.0,808.5,12358.5,0.0,12358.5
289,208,13,203,Suite,2025-01-21,2025-02-08,2025-02-09,1,18,2,1,2025-02,Saturday,High,OTA,Thai,0,1,Regular,CHECKED_OUT,,5250.0,5250.0,0,0.0,525.0,404.25,6179.25,926.89,5252.36
290,209,5,105,Standard,2025-01-21,2025-02-20,2025-02-24,4,30,2,0,2025-02,Thursday,High,Website,Malaysian,1,0,Regular,CANCELLED,2025-02-13,1610.0,6440.0,2800,0.0,924.0,711.48,10875.48,217.51,10657.97
291,38,9,109,Deluxe,2025-01-21,2025-02-28,2025-03-02,2,38,2,0,2025-02,Friday,High,Website,Thai,0,0,Regular,CHECKED_OUT,,2530.0,5060.0,0,0.0,506.0,389.62,5955.62,119.11,5836.51
292,206,3,103,Standard,2025-01-22,2025-02-12,2025-02-13,1,21,2,0,2025-02,Wednesday,High,Phone,Thai,0,0,Regular,CHECKED_OUT,,1610.0,1610.0,0,0.0,161.0,123.97,1894.97,0.0,1894.97
293,210,4,104,Standard,2025-01-22,2025-01-22,2025-01-24,2,0,2,0,2025-01,Wednesday,High,Website,Thai,1,0,Regular,CHECKED_OUT,,1750.0,3500.0,1400,0.0,490.0,377.3,5767.3,115.35,5651.95
294,5,9,109,Deluxe,2025-01-22,2025-04-12,2025-04-13,1,80,1,0,2025-04,Saturday,Normal,OTA,American,1,0,Silver,CANCELLED,2025-02-10,2024.0,2024.0,350,118.7,225.53,173.66,2654.49,398.17,2256.31
295,211,10,110,Deluxe,2025-01-22,2025-01-24,2025-01-25,1,2,2,0,2025-01,Friday,High,Website,Chinese,1,1,Regular,CHECKED_OUT,,3300.0,3300.0,700,0.0,400.0,308.0,4708.0,94.16,4613.84
296,212,6,106,Standard,2025-01-22,2025-02-16,2025-03-02,14,25,1,0,2025-02,Sunday,High,Website,American,0,0,Regular,CHECKED_OUT,,1750.0,24500.0,0,0.0,2450.0,1886.5,28836.5,576.73,28259.77
297,213,7,107,Deluxe,2025-01-22,2025-02-15,2025-02-16,1,24,1,0,2025-02,Saturday,High,OTA,Malaysian,1,0,Regular,CHECKED_OUT,,3025.0,3025.0,350,0.0,337.5,259.88,3972.38,595.86,3376.52
298,214,9,109,Deluxe,2025-01-23,2025-02-16,2025-02-21,5,24,2,0,2025-02,Sunday,High,Website,German,1,0,Regular,CHECKED_OUT,,2750.0,13750.0,3500,0.0,1725.0,1328.25,20303.25,406.06,19897.19
299,215,7,107,Deluxe,2025-01-23,2025-02-17,2025-02-18,1,25,2,0,2025-02,Monday,High,OTA,Chinese,0,0,Regular,CHECKED_OUT,,2750.0,2750.0,0,0.0,275.0,211.75,3236.75,485.51,2751.24
300,216,2,102,Standard,2025-01-23,2025-05-20,2025-05-29,9,117,3,0,2025-05,Tuesday,Low,OTA,British,1,0,Regular,CHECKED_OUT,,1159.2,10432.8,9450,0.0,1988.28,1530.98,23402.06,3510.31,19891.75
301,217,5,105,Standard,2025-01-23,2025-02-19,2025-02-25,6,27,2,0,2025-02,Wednesday,High,Website,British,1,0,Regular,CHECKED_OUT,,1750.0,10500.0,4200,0.0,1470.0,1131.9,17301.9,346.04,16955.86
302,218,2,102,Standard,2025-01-23,2025-01-30,2025-02-03,4,7,2,0,2025-01,Thursday,High,OTA,Japanese,1,0,Regular,CHECKED_OUT,,1925.0,7700.0,2800,0.0,1050.0,808.5,12358.5,1853.77,10504.73
303,219,8,108,Deluxe,2025-01-23,2025-02-20,2025-02-22,2,28,2,0,2025-02,Thursday,High,Website,American,1,0,Regular,CHECKED_OUT,,2750.0,5500.0,1400,0.0,690.0,531.3,8121.3,162.43,7958.87
304,220,9,109,Deluxe,2025-01-23,2025-06-07,2025-06-08,1,135,2,2,2025-06,Saturday,Low,Phone,Indian,0,0,Regular,CHECKED_OUT,,1821.6,1821.6,0,0.0,182.16,140.26,2144.02,0.0,2144.02
305,221,8,108,Deluxe,2025-01-23,2025-01-31,2025-02-01,1,8,2,0,2025-01,Friday,High,Phone,Thai,0,0,Regular,CHECKED_OUT,,3025.0,3025.0,0,0.0,302.5,232.93,3560.43,0.0,3560.43
306,68,8,108,Deluxe,2025-01-23,2025-04-09,2025-04-10,1,76,2,2,2025-04,Wednesday,Normal,Website,German,0,0,Regular,CANCELLED,2025-03-25,2024.0,2024.0,0,0.0,202.4,155.85,2382.25,47.64,2334.6
307,106,5,105,Standard,2025-01-23,2025-03-07,2025-03-09,2,43,2,0,2025-03,Friday,Normal,OTA,British,1,0,Regular,CHECKED_OUT,,1288.0,2576.0,1400,0.0,397.6,306.15,4679.75,701.96,3977.79
308,222,3,103,Standard,2025-01-24,2025-02-06,2025-02-08,2,13,2,0,2025-02,Thursday,High,OTA,Thai,1,0,Regular,CHECKED_OUT,,1750.0,3500.0,1400,0.0,490.0,377.3,5767.3,865.1,4902.2
309,223,6,106,Standard,2025-01-24,2025-01-31,2025-02-01,1,7,2,0,2025-01,Friday,High,Phone,Thai,0,0,Regular,CHECKED_OUT,,2100.0,2100.0,0,0.0,210.0,161.7,2471.7,0.0,2471.7
310,224,13,203,Suite,2025-01-24,2025-03-08,2025-03-11,3,43,2,1,2025-03,Saturday,Normal,OTA,Indian,1,1,Regular,CHECKED_OUT,,4200.0,12600.0,2100,0.0,1470.0,1131.9,17301.9,2595.29,14706.62
311,225,1,101,Standard,2025-01-24,2025-02-14,2025-02-16,2,21,1,0,2025-02,Friday,High,OTA,Korean,0,0,Regular,CHECKED_OUT,,1610.0,3220.0,0,0.0,322.0,247.94,3789.94,568.49,3221.45
312,226,8,108,Deluxe,2025-01-24,2025-01-27,2025-01-28,1,3,2,0,2025-01,Monday,High,Website,Chinese,0,0,Regular,CHECKED_OUT,,2750.0,2750.0,0,0.0,275.0,211.75,3236.75,64.73,3172.01
313,227,2,102,Standard,2025-01-25,2025-03-03,2025-03-05,2,37,2,0,2025-03,Monday,Normal,Website,Thai,0,0,Regular,CHECKED_OUT,,1288.0,2576.0,0,0.0,257.6,198.35,3031.95,60.64,2971.31
314,228,9,109,Deluxe,2025-01-25,2025-01-27,2025-01-28,1,2,2,0,2025-01,Monday,High,Website,Thai,0,0,Regular,CHECKED_OUT,,2750.0,2750.0,0,0.0,275.0,211.75,3236.75,64.73,3172.01
315,171,2,102,Standard,2025-01-25,2025-02-09,2025-02-10,1,15,1,0,2025-02,Sunday,High,Phone,Thai,1,0,Regular,CHECKED_OUT,,1750.0,1750.0,350,0.0,210.0,161.7,2471.7,0.0,2471.7
316,229,14,204,Family,2025-01-26,2025-05-16,2025-05-20,4,110,2,1,2025-05,Friday,Low,Website,Russian,1,0,Regular,CHECKED_OUT,,2484.0,9936.0,2800,0.0,1273.6,980.67,14990.27,299.81,14690.47
317,230,1,101,Standard,2025-01-26,2025-02-08,2025-02-10,2,13,1,0,2025-02,Saturday,High,Website,Malaysian,0,0,Regular,CHECKED_OUT,,1750.0,3500.0,0,0.0,350.0,269.5,4119.5,82.39,4037.11
318,231,3,103,Standard,2025-01-26,2025-03-24,2025-03-30,6,57,1,0,2025-03,Monday,Normal,Website,British,1,0,Regular,CANCELLED,2025-03-18,1288.0,7728.0,2100,0.0,982.8,756.76,11567.56,231.35,11336.2
319,232,4,104,Standard,2025-01-26,2025-02-14,2025-02-15,1,19,2,0,2025-02,Friday,High,OTA,Indian,0,0,Regular,CANCELLED,2025-02-10,1750.0,1750.0,0,0.0,175.0,134.75,2059.75,308.96,1750.79
320,233,12,202,Suite,2025-01-26,2025-01-26,2025-01-28,2,0,2,1,2025-01,Sunday,High,OTA,Chinese,1,1,Regular,CHECKED_OUT,,5775.0,11550.0,1400,0.0,1295.0,997.15,15242.15,2286.32,12955.83
321,234,2,102,Standard,2025-01-26,2025-03-05,2025-03-06,1,38,2,0,2025-03,Wednesday,Normal,Phone,Indian,0,0,Regular,CANCELLED,2025-02-14,1288.0,1288.0,0,0.0,128.8,99.18,1515.98,0.0,1515.98
322,32,7,107,Deluxe,2025-01-27,2025-04-28,2025-05-03,5,91,2,2,2025-04,Monday,Normal,Phone,Russian,1,0,Silver,CHECKED_OUT,,2024.0,10120.0,3500,681.0,1293.9,996.3,15229.2,0.0,15229.2
323,235,1,101,Standard,2025-01-27,2025-03-11,2025-03-13,2,43,1,0,2025-03,Tuesday,Normal,OTA,Malaysian,0,0,Regular,CHECKED_OUT,,1400.0,2800.0,0,0.0,280.0,215.6,3295.6,494.34,2801.26
324,236,10,110,Deluxe,2025-01-27,2025-02-21,2025-02-22,1,25,2,0,2025-02,Friday,High,OTA,Thai,0,0,Regular,CHECKED_OUT,,2750.0,2750.0,0,0.0,275.0,211.75,3236.75,485.51,2751.24
325,237,3,103,Standard,2025-01-27,2025-02-19,2025-02-21,2,23,2,0,2025-02,Wednesday,High,Website,Singaporean,0,0,Regular,CHECKED_OUT,,1750.0,3500.0,0,0.0,350.0,269.5,4119.5,82.39,4037.11
326,238,11,201,Deluxe,2025-01-27,2025-02-05,2025-02-06,1,9,2,1,2025-02,Wednesday,High,Website,Thai,0,1,Regular,CHECKED_OUT,,3300.0,3300.0,0,0.0,330.0,254.1,3884.1,77.68,3806.42
327,239,4,104,Standard,2025-01-28,2025-02-07,2025-02-08,1,10,2,0,2025-02,Friday,High,OTA,Japanese,1,0,Regular,CHECKED_OUT,,1750.0,1750.0,700,0.0,245.0,188.65,2883.65,432.55,2451.1
328,176,14,204,Family,2025-01-28,2025-02-14,2025-02-15,1,17,2,1,2025-02,Friday,High,OTA,Malaysian,0,0,Regular,CHECKED_OUT,,3750.0,3750.0,0,0.0,375.0,288.75,4413.75,662.06,3751.69
329,240,7,107,Deluxe,2025-01-28,2025-03-18,2025-03-21,3,49,2,0,2025-03,Tuesday,Normal,OTA,German,1,0,Regular,CANCELLED,2025-01-28,2024.0,6072.0,2100,0.0,817.2,629.24,9618.44,1442.77,8175.68
330,241,15,205,Family,2025-01-28,2025-02-28,2025-03-02,2,31,2,0,2025-02,Friday,High,OTA,Malaysian,0,0,Regular,CHECKED_OUT,,3750.0,7500.0,0,0.0,750.0,577.5,8827.5,1324.12,7503.38
331,242,9,109,Deluxe,2025-01-28,2025-02-23,2025-02-24,1,26,1,0,2025-02,Sunday,High,Website,Thai,1,0,Regular,CHECKED_OUT,,2530.0,2530.0,350,0.0,288.0,221.76,3389.76,67.8,3321.96
332,243,5,105,Standard,2025-01-28,2025-02-28,2025-03-03,3,31,2,0,2025-02,Friday,High,OTA,Singaporean,1,0,Regular,CANCELLED,2025-02-24,1750.0,5250.0,2100,0.0,735.0,565.95,8650.95,1297.64,7353.31
333,244,4,104,Standard,2025-01-28,2025-02-01,2025-02-02,1,4,1,0,2025-02,Saturday,High,OTA,Australian,0,0,Regular,CHECKED_OUT,,1925.0,1925.0,0,0.0,192.5,148.23,2265.72,339.86,1925.87
334,245,4,104,Standard,2025-01-28,2025-02-08,2025-02-10,2,11,1,0,2025-02,Saturday,High,Website,Indian,1,0,Regular,CHECKED_OUT,,1750.0,3500.0,700,0.0,420.0,323.4,4943.4,98.87,4844.53
335,246,15,205,Family,2025-01-29,2025-02-14,2025-02-15,1,16,2,1,2025-02,Friday,High,OTA,Thai,1,0,Regular,CHECKED_OUT,,3750.0,3750.0,700,0.0,445.0,342.65,5237.65,785.65,4452.0
336,247,6,106,Standard,2025-01-29,2025-02-09,2025-02-10,1,11,2,0,2025-02,Sunday,High,Website,Thai,0,0,Regular,CHECKED_OUT,,1750.0,1750.0,0,0.0,175.0,134.75,2059.75,41.2,2018.56
337,248,4,104,Standard,2025-01-29,2025-03-18,2025-04-01,14,48,2,0,2025-03,Tuesday,Normal,OTA,Russian,0,0,Regular,CHECKED_OUT,,1288.0,18032.0,0,0.0,1803.2,1388.46,21223.66,3183.55,18040.11
338,249,11,201,Deluxe,2025-01-29,2025-02-07,2025-02-08,1,9,1,0,2025-02,Friday,High,OTA,Japanese,1,0,Regular,CANCELLED,2025-02-01,3025.0,3025.0,350,0.0,337.5,259.88,3972.38,595.86,3376.52
339,170,6,106,Standard,2025-01-30,2025-02-13,2025-02-15,2,14,2,0,2025-02,Thursday,High,OTA,Korean,0,0,Regular,CHECKED_OUT,,1610.0,3220.0,0,0.0,322.0,247.94,3789.94,568.49,3221.45
340,250,1,101,Standard,2025-01-30,2025-02-10,2025-02-11,1,11,2,0,2025-02,Monday,High,OTA,Chinese,1,0,Regular,CHECKED_OUT,,1750.0,1750.0,700,0.0,245.0,188.65,2883.65,432.55,2451.1
341,251,3,103,Standard,2025-01-31,2025-02-09,2025-02-11,2,9,2,0,2025-02,Sunday,High,Phone,Thai,0,0,Regular,CHECKED_OUT,,1925.0,3850.0,0,0.0,385.0,296.45,4531.45,0.0,4531.45
342,252,15,205,Family,2025-01-31,2025-02-26,2025-02-28,2,26,2,2,2025-02,Wednesday,High,OTA,Thai,0,0,Regular,CHECKED_OUT,,3750.0,7500.0,0,0.0,750.0,577.5,8827.5,1324.12,7503.38
343,253,10,110,Deluxe,2025-01-31,2025-04-11,2025-04-12,1,70,1,0,2025-04,Friday,Normal,OTA,Japanese,0,0,Regular,CHECKED_OUT,,2024.0,2024.0,0,0.0,202.4,155.85,2382.25,357.34,2024.91
344,254,6,106,Standard,2025-01-31,2025-02-06,2025-02-08,2,6,2,0,2025-02,Thursday,High,Website,Korean,0,0,Regular,CHECKED_OUT,,1750.0,3500.0,0,0.0,350.0,269.5,4119.5,82.39,4037.11
345,255,11,201,Deluxe,2025-01-31,2025-02-06,2025-02-08,2,6,1,0,2025-02,Thursday,High,Website,Malaysian,1,1,Regular,CHECKED_OUT,,3025.0,6050.0,700,0.0,675.0,519.75,7944.75,158.9,7785.85
346,227,6,106,Standard,2025-02-01,2025-02-15,2025-02-16,1,14,3,0,2025-02,Saturday,High,Phone,Thai,1,0,Regular,CHECKED_OUT,,2100.0,2100.0,1050,0.0,315.0,242.55,3707.55,0.0,3707.55
347,256,13,203,Suite,2025-02-01,2025-02-10,2025-02-13,3,9,2,0,2025-02,Monday,High,OTA,Japanese,1,1,Regular,CHECKED_OUT,,5775.0,17325.0,2100,0.0,1942.5,1495.73,22863.22,3429.48,19433.74
348,257,7,107,Deluxe,2025-02-01,2025-02-24,2025-02-27,3,23,1,0,2025-02,Monday,High,OTA,Singaporean,0,0,Regular,CHECKED_OUT,,2750.0,8250.0,0,0.0,825.0,635.25,9710.25,1456.54,8253.71
349,258,6,106,Standard,2025-02-01,2025-03-26,2025-04-08,13,53,2,0,2025-03,Wednesday,Normal,Phone,Russian,0,0,Regular,CHECKED_OUT,,1288.0,16744.0,0,0.0,1674.4,1289.29,19707.69,0.0,19707.69
350,125,10,110,Deluxe,2025-02-01,2025-03-01,2025-03-05,4,28,2,2,2025-03,Saturday,Normal,Website,Russian,1,0,Regular,CHECKED_OUT,,2200.0,8800.0,2800,0.0,1160.0,893.2,13653.2,273.06,13380.14
351,259,1,101,Standard,2025-02-02,2025-03-26,2025-03-28,2,52,3,0,2025-03,Wednesday,Normal,OTA,Korean,1,0,Regular,CHECKED_OUT,,1288.0,2576.0,2100,0.0,467.6,360.05,5503.65,825.55,4678.1
352,260,11,201,Deluxe,2025-02-02,2025-02-21,2025-02-22,1,19,2,0,2025-02,Friday,High,OTA,Australian,1,0,Regular,CHECKED_OUT,,2750.0,2750.0,700,0.0,345.0,265.65,4060.65,609.1,3451.55
353,151,11,201,Deluxe,2025-02-02,2025-02-08,2025-02-10,2,6,2,0,2025-02,Saturday,High,OTA,British,0,1,Regular,CHECKED_OUT,,2750.0,5500.0,0,0.0,550.0,423.5,6473.5,971.02,5502.48
354,261,6,106,Standard,2025-02-02,2025-02-03,2025-02-05,2,1,2,0,2025-02,Monday,High,Phone,Thai,0,0,Regular,CHECKED_OUT,,2100.0,4200.0,0,0.0,420.0,323.4,4943.4,0.0,4943.4
355,262,3,103,Standard,2025-02-03,2025-03-02,2025-03-04,2,27,1,0,2025-03,Sunday,Normal,OTA,Chinese,0,0,Regular,CHECKED_OUT,,1288.0,2576.0,0,0.0,257.6,198.35,3031.95,454.79,2577.16
356,263,12,202,Suite,2025-02-03,2025-02-22,2025-02-23,1,19,2,0,2025-02,Saturday,High,OTA,Thai,0,0,Regular,CHECKED_OUT,,5250.0,5250.0,0,0.0,525.0,404.25,6179.25,926.89,5252.36
357,264,11,201,Deluxe,2025-02-04,2025-03-10,2025-03-11,1,34,2,0,2025-03,Monday,Normal,Website,Malaysian,1,0,Regular,CHECKED_OUT,,2200.0,2200.0,700,0.0,290.0,223.3,3413.3,68.27,3345.03
358,265,13,203,Suite,2025-02-04,2025-02-27,2025-03-08,9,23,2,0,2025-02,Thursday,High,OTA,Japanese,1,1,Regular,CHECKED_OUT,,5250.0,47250.0,6300,0.0,5355.0,4123.35,63028.35,9454.25,53574.1
359,266,15,205,Family,2025-02-04,2025-02-13,2025-02-14,1,9,2,0,2025-02,Thursday,High,OTA,Australian,1,0,Regular,CHECKED_OUT,,3450.0,3450.0,700,0.0,415.0,319.55,4884.55,732.68,4151.87
360,263,10,110,Deluxe,2025-02-05,2025-02-08,2025-02-09,1,3,2,0,2025-02,Saturday,High,Website,Thai,0,0,Regular,CHECKED_OUT,,3025.0,3025.0,0,0.0,302.5,232.93,3560.43,71.21,3489.22
361,267,12,202,Suite,2025-02-06,2025-03-01,2025-03-04,3,23,2,0,2025-03,Saturday,Normal,OTA,Singaporean,1,1,Regular,CANCELLED,2025-02-12,4200.0,12600.0,2100,0.0,1470.0,1131.9,17301.9,2595.29,14706.62
362,268,2,102,Standard,2025-02-06,2025-02-12,2025-02-15,3,6,1,0,2025-02,Wednesday,High,OTA,German,1,0,Regular,CANCELLED,2025-02-12,1750.0,5250.0,1050,0.0,630.0,485.1,7415.1,1112.27,6302.84
363,269,2,102,Standard,2025-02-06,2025-02-11,2025-02-13,2,5,2,0,2025-02,Tuesday,High,Website,American,1,0,Regular,CHECKED_OUT,,1750.0,3500.0,1400,0.0,490.0,377.3,5767.3,115.35,5651.95
364,270,6,106,Standard,2025-02-06,2025-02-10,2025-02-11,1,4,2,0,2025-02,Monday,High,Website,Malaysian,0,0,Regular,CHECKED_OUT,,1925.0,1925.0,0,0.0,192.5,148.23,2265.72,45.31,2220.41
365,271,7,107,Deluxe,2025-02-06,2025-02-14,2025-02-15,1,8,1,0,2025-02,Friday,High,Website,Thai,0,0,Regular,CHECKED_OUT,,2750.0,2750.0,0,0.0,275.0,211.75,3236.75,64.73,3172.01
366,51,11,201,Deluxe,2025-02-06,2025-03-21,2025-03-24,3,43,2,0,2025-03,Friday,Normal,Phone,Singaporean,1,0,Regular,CANCELLED,2025-03-16,2024.0,6072.0,2100,0.0,817.2,629.24,9618.44,0.0,9618.44
367,272,11,201,Deluxe,2025-02-06,2025-02-25,2025-02-27,2,19,2,0,2025-02,Tuesday,High,OTA,Malaysian,1,0,Regular,CHECKED_OUT,,2750.0,5500.0,1400,0.0,690.0,531.3,8121.3,1218.19,6903.11
368,273,12,202,Suite,2025-02-06,2025-02-13,2025-02-15,2,7,2,1,2025-02,Thursday,High,OTA,Malaysian,0,1,Regular,CHECKED_OUT,,5250.0,10500.0,0,0.0,1050.0,808.5,12358.5,1853.77,10504.73
369,274,1,101,Standard,2025-02-06,2025-03-04,2025-03-08,4,26,3,0,2025-03,Tuesday,Normal,Website,Japanese,0,0,Regular,CANCELLED,2025-02-13,1288.0,5152.0,0,0.0,515.2,396.7,6063.9,121.28,5942.63
370,275,15,205,Family,2025-02-06,2025-05-17,2025-05-20,3,100,2,1,2025-05,Saturday,Low,OTA,Russian,1,0,Regular,CHECKED_OUT,,2484.0,7452.0,2100,0.0,955.2,735.5,11242.7,1686.41,9556.3
371,276,9,109,Deluxe,2025-02-06,2025-02-26,2025-02-27,1,20,3,0,2025-02,Wednesday,High,OTA,British,1,0,Regular,CHECKED_OUT,,2750.0,2750.0,1050,0.0,380.0,292.6,4472.6,670.89,3801.71
372,133,15,205,Family,2025-02-06,2025-03-07,2025-03-09,2,29,2,2,2025-03,Friday,Normal,Website,Thai,1,0,Regular,CHECKED_OUT,,3000.0,6000.0,1400,0.0,740.0,569.8,8709.8,174.2,8535.6
373,277,14,204,Family,2025-02-06,2025-02-18,2025-02-19,1,12,2,2,2025-02,Tuesday,High,OTA,Thai,0,0,Regular,CHECKED_OUT,,3750.0,3750.0,0,0.0,375.0,288.75,4413.75,662.06,3751.69
374,278,11,201,Deluxe,2025-02-07,2025-02-20,2025-02-21,1,13,1,0,2025-02,Thursday,High,Phone,Thai,0,1,Regular,CANCELLED,2025-02-20,2750.0,2750.0,0,0.0,275.0,211.75,3236.75,0.0,3236.75
375,279,10,110,Deluxe,2025-02-07,2025-02-09,2025-02-10,1,2,1,0,2025-02,Sunday,High,OTA,Malaysian,0,1,Regular,CANCELLED,2025-02-08,3300.0,3300.0,0,0.0,330.0,254.1,3884.1,582.62,3301.48
376,280,6,106,Standard,2025-02-07,2025-03-02,2025-03-04,2,23,1,0,2025-03,Sunday,Normal,Website,Chinese,1,0,Regular,CANCELLED,2025-02-16,1400.0,2800.0,700,0.0,350.0,269.5,4119.5,82.39,4037.11
377,281,7,107,Deluxe,2025-02-07,2025-03-17,2025-03-21,4,38,3,0,2025-03,Monday,Normal,OTA,Malaysian,1,0,Regular,CHECKED_OUT,,2024.0,8096.0,4200,0.0,1229.6,946.79,14472.39,2170.86,12301.53
378,282,9,109,Deluxe,2025-02-07,2025-02-11,2025-02-14,3,4,2,2,2025-02,Tuesday,High,OTA,Thai,1,0,Regular,CHECKED_OUT,,2750.0,8250.0,2100,0.0,1035.0,796.95,12181.95,1827.29,10354.66
379,283,3,103,Standard,2025-02-07,2025-02-23,2025-02-27,4,16,1,0,2025-02,Sunday,High,OTA,Malaysian,0,0,Regular,CANCELLED,2025-02-21,1750.0,7000.0,0,0.0,700.0,539.0,8239.0,1235.85,7003.15
380,110,10,110,Deluxe,2025-02-08,2025-02-09,2025-02-10,1,1,2,0,2025-02,Sunday,High,Phone,Malaysian,0,0,Regular,CHECKED_OUT,,3300.0,3300.0,0,0.0,330.0,254.1,3884.1,0.0,3884.1
381,248,15,205,Family,2025-02-08,2025-04-18,2025-04-26,8,69,2,2,2025-04,Friday,Normal,Website,Russian,1,0,Regular,CHECKED_OUT,,2760.0,22080.0,5600,0.0,2768.0,2131.36,32579.36,651.59,31927.77
382,284,2,102,Standard,2025-02-08,2025-05-01,2025-05-14,13,82,1,0,2025-05,Thursday,Low,OTA,German,1,0,Regular,CHECKED_OUT,,1159.2,15069.6,4550,0.0,1961.96,1510.71,23092.27,3463.84,19628.43
383,285,3,103,Standard,2025-02-08,2025-02-08,2025-02-09,1,0,2,0,2025-02,Saturday,High,Walk-in,Thai,0,0,Regular,CHECKED_OUT,,1925.0,1925.0,0,0.0,192.5,148.23,2265.72,0.0,2265.72
384,286,7,107,Deluxe,2025-02-09,2025-02-13,2025-02-14,1,4,2,0,2025-02,Thursday,High,Phone,American,1,0,Regular,CANCELLED,2025-02-11,2750.0,2750.0,700,0.0,345.0,265.65,4060.65,0.0,4060.65
385,287,6,106,Standard,2025-02-09,2025-03-08,2025-03-12,4,27,1,0,2025-03,Saturday,Normal,Phone,Japanese,0,0,Regular,CHECKED_OUT,,1400.0,5600.0,0,0.0,560.0,431.2,6591.2,0.0,6591.2
386,288,1,101,Standard,2025-02-09,2025-02-22,2025-02-24,2,13,1,0,2025-02,Saturday,High,Phone,Singaporean,1,0,Regular,CHECKED_OUT,,1750.0,3500.0,700,0.0,420.0,323.4,4943.4,0.0,4943.4
387,289,10,110,Deluxe,2025-02-09,2025-02-18,2025-02-21,3,9,2,0,2025-02,Tuesday,High,Phone,Thai,1,1,Regular,CANCELLED,2025-02-17,2750.0,8250.0,2100,0.0,1035.0,796.95,12181.95,0.0,12181.95
388,48,1,101,Standard,2025-02-09,2025-04-04,2025-04-09,5,54,2,0,2025-04,Friday,Normal,OTA,British,0,0,Regular,CHECKED_OUT,,1400.0,7000.0,0,0.0,700.0,539.0,8239.0,1235.85,7003.15
389,290,4,104,Standard,2025-02-09,2025-02-10,2025-02-12,2,1,1,0,2025-02,Monday,High,OTA,German,1,0,Regular,CHECKED_OUT,,2100.0,4200.0,700,0.0,490.0,377.3,5767.3,865.1,4902.2
390,291,13,203,Suite,2025-02-09,2025-02-09,2025-02-10,1,0,2,0,2025-02,Sunday,High,OTA,Thai,0,1,Regular,CHECKED_OUT,,6300.0,6300.0,0,0.0,630.0,485.1,7415.1,1112.27,6302.84
391,168,10,110,Deluxe,2025-02-10,2025-02-22,2025-02-24,2,12,2,0,2025-02,Saturday,High,OTA,Singaporean,0,0,Regular,CHECKED_OUT,,2750.0,5500.0,0,0.0,550.0,423.5,6473.5,971.02,5502.48
392,292,11,201,Deluxe,2025-02-10,2025-03-06,2025-03-09,3,24,2,1,2025-03,Thursday,Normal,OTA,Korean,1,0,Regular,CHECKED_OUT,,2024.0,6072.0,2100,0.0,817.2,629.24,9618.44,1442.77,8175.68
393,293,2,102,Standard,2025-02-10,2025-02-10,2025-02-11,1,0,1,0,2025-02,Monday,High,Website,Korean,1,0,Regular,CHECKED_OUT,,2100.0,2100.0,350,0.0,245.0,188.65,2883.65,57.67,2825.98
394,294,12,202,Suite,2025-02-10,2025-02-20,2025-02-21,1,10,2,1,2025-02,Thursday,High,OTA,American,0,0,Regular,CHECKED_OUT,,5250.0,5250.0,0,0.0,525.0,404.25,6179.25,926.89,5252.36
395,150,6,106,Standard,2025-02-10,2025-03-04,2025-03-05,1,22,1,0,2025-03,Tuesday,Normal,Website,Japanese,1,0,Regular,CHECKED_OUT,,1288.0,1288.0,350,0.0,163.8,126.13,1927.93,38.56,1889.37
396,295,10,110,Deluxe,2025-02-11,2025-02-18,2025-02-21,3,7,1,0,2025-02,Tuesday,High,Phone,Chinese,1,1,Regular,CHECKED_OUT,,2750.0,8250.0,1050,0.0,930.0,716.1,10946.1,0.0,10946.1
397,296,5,105,Standard,2025-02-11,2025-02-28,2025-03-03,3,17,1,0,2025-02,Friday,High,OTA,Chinese,1,0,Regular,CHECKED_OUT,,1750.0,5250.0,1050,0.0,630.0,485.1,7415.1,1112.27,6302.84
398,297,2,102,Standard,2025-02-11,2025-02-14,2025-02-15,1,3,2,0,2025-02,Friday,High,Website,Thai,1,0,Regular,CHECKED_OUT,,1925.0,1925.0,700,0.0,262.5,202.13,3089.62,61.79,3027.83
399,298,2,102,Standard,2025-02-11,2025-03-21,2025-03-22,1,38,2,0,2025-03,Friday,Normal,OTA,Chinese,0,0,Regular,CANCELLED,2025-02-23,1288.0,1288.0,0,0.0,128.8,99.18,1515.98,227.4,1288.58
400,299,3,103,Standard,2025-02-12,2025-05-25,2025-06-08,14,102,2,2,2025-05,Sunday,Low,OTA,German,0,0,Regular,CHECKED_OUT,,1159.2,16228.8,0,0.0,1622.88,1249.62,19101.3,2865.19,16236.1
401,300,3,103,Standard,2025-02-12,2025-03-01,2025-03-02,1,17,2,0,2025-03,Saturday,Normal,Website,Chinese,1,0,Regular,CHECKED_OUT,,1540.0,1540.0,700,0.0,224.0,172.48,2636.48,52.73,2583.75
402,301,7,107,Deluxe,2025-02-12,2025-03-07,2025-03-08,1,23,2,0,2025-03,Friday,Normal,OTA,Japanese,1,0,Regular,CHECKED_OUT,,2200.0,2200.0,700,0.0,290.0,223.3,3413.3,512.0,2901.31
403,302,1,101,Standard,2025-02-12,2025-02-13,2025-02-14,1,1,2,0,2025-02,Thursday,High,OTA,Chinese,1,0,Regular,CANCELLED,2025-02-12,1750.0,1750.0,700,0.0,245.0,188.65,2883.65,432.55,2451.1
404,303,8,108,Deluxe,2025-02-12,2025-02-17,2025-02-18,1,5,2,0,2025-02,Monday,High,OTA,Korean,0,0,Regular,CANCELLED,2025-02-15,3025.0,3025.0,0,0.0,302.5,232.93,3560.43,534.06,3026.36
405,304,10,110,Deluxe,2025-02-12,2025-02-26,2025-02-28,2,14,2,0,2025-02,Wednesday,High,OTA,Thai,0,0,Regular,CHECKED_OUT,,2750.0,5500.0,0,0.0,550.0,423.5,6473.5,971.02,5502.48
406,305,12,202,Suite,2025-02-12,2025-02-28,2025-03-08,8,16,3,0,2025-02,Friday,High,Website,British,0,1,Regular,CHECKED_OUT,,5250.0,42000.0,0,0.0,4200.0,3234.0,49434.0,988.68,48445.32
407,306,6,106,Standard,2025-02-12,2025-02-12,2025-02-13,1,0,1,0,2025-02,Wednesday,High,OTA,Chinese,1,0,Regular,CHECKED_OUT,,1750.0,1750.0,350,0.0,210.0,161.7,2471.7,370.75,2100.94
408,252,15,205,Family,2025-02-12,2025-02-22,2025-02-24,2,10,2,1,2025-02,Saturday,High,OTA,Thai,1,0,Regular,CHECKED_OUT,,3750.0,7500.0,1400,0.0,890.0,685.3,10475.3,1571.29,8904.0
409,307,7,107,Deluxe,2025-02-12,2025-04-12,2025-04-15,3,59,1,0,2025-04,Saturday,Normal,Phone,Chinese,1,0,Regular,CHECKED_OUT,,2024.0,6072.0,1050,0.0,712.2,548.39,8382.59,0.0,8382.59
410,308,1,101,Standard,2025-02-12,2025-03-06,2025-03-08,2,22,3,0,2025-03,Thursday,Normal,OTA,Japanese,0,0,Regular,CANCELLED,2025-02-21,1288.0,2576.0,0,0.0,257.6,198.35,3031.95,454.79,2577.16
411,309,1,101,Standard,2025-02-13,2025-02-13,2025-02-14,1,0,1,0,2025-02,Thursday,High,OTA,Indian,1,0,Regular,CHECKED_OUT,,1750.0,1750.0,350,0.0,210.0,161.7,2471.7,370.75,2100.94
412,310,3,103,Standard,2025-02-13,2025-02-25,2025-03-01,4,12,2,0,2025-02,Tuesday,High,Website,Malaysian,0,0,Regular,CHECKED_OUT,,1750.0,7000.0,0,0.0,700.0,539.0,8239.0,164.78,8074.22
413,311,7,107,Deluxe,2025-02-13,2025-02-13,2025-02-14,1,0,2,0,2025-02,Thursday,High,Website,Chinese,1,0,Regular,CHECKED_OUT,,2750.0,2750.0,700,0.0,345.0,265.65,4060.65,81.21,3979.44
414,70,2,102,Standard,2025-02-13,2025-02-22,2025-02-23,1,9,1,0,2025-02,Saturday,High,OTA,Russian,0,0,Regular,CHECKED_OUT,,1925.0,1925.0,0,0.0,192.5,148.23,2265.72,339.86,1925.87
415,312,8,108,Deluxe,2025-02-13,2025-04-07,2025-04-08,1,53,2,1,2025-04,Monday,Normal,OTA,Thai,0,0,Regular,CANCELLED,2025-02-21,2200.0,2200.0,0,0.0,220.0,169.4,2589.4,388.41,2200.99
416,313,2,102,Standard,2025-02-14,2025-03-27,2025-03-28,1,41,2,0,2025-03,Thursday,Normal,OTA,Malaysian,1,0,Regular,CHECKED_OUT,,1288.0,1288.0,700,0.0,198.8,153.08,2339.88,350.98,1988.89
417,314,5,105,Standard,2025-02-14,2025-04-12,2025-04-13,1,57,2,0,2025-04,Saturday,Normal,OTA,Korean,0,0,Regular,CHECKED_OUT,,1288.0,1288.0,0,0.0,128.8,99.18,1515.98,227.4,1288.58
418,315,5,105,Standard,2025-02-14,2025-03-26,2025-03-27,1,40,1,0,2025-03,Wednesday,Normal,OTA,Malaysian,1,0,Regular,CHECKED_OUT,,1288.0,1288.0,350,0.0,163.8,126.13,1927.93,289.19,1638.74
419,164,5,105,Standard,2025-02-14,2025-02-26,2025-02-28,2,12,2,0,2025-02,Wednesday,High,OTA,Chinese,0,0,Regular,CHECKED_OUT,,1925.0,3850.0,0,0.0,385.0,296.45,4531.45,679.72,3851.73
420,116,14,204,Family,2025-02-14,2025-02-23,2025-02-24,1,9,3,0,2025-02,Sunday,High,Phone,Thai,0,0,Regular,CHECKED_OUT,,3750.0,3750.0,0,0.0,375.0,288.75,4413.75,0.0,4413.75
421,316,2,102,Standard,2025-02-15,2025-03-18,2025-03-25,7,31,2,0,2025-03,Tuesday,Normal,OTA,Japanese,1,0,Regular,CHECKED_OUT,,1288.0,9016.0,4900,0.0,1391.6,1071.53,16379.13,2456.87,13922.26
422,317,3,103,Standard,2025-02-15,2025-02-23,2025-02-24,1,8,2,2,2025-02,Sunday,High,Phone,Thai,0,0,Regular,CHECKED_OUT,,1750.0,1750.0,0,0.0,175.0,134.75,2059.75,0.0,2059.75
423,318,7,107,Deluxe,2025-02-15,2025-03-15,2025-03-16,1,28,2,0,2025-03,Saturday,Normal,OTA,Chinese,1,0,Regular,CHECKED_OUT,,2024.0,2024.0,700,0.0,272.4,209.75,3206.15,480.92,2725.23
424,129,6,106,Standard,2025-02-15,2025-03-14,2025-03-15,1,27,2,0,2025-03,Friday,Normal,Website,Chinese,1,0,Regular,CHECKED_OUT,,1288.0,1288.0,700,0.0,198.8,153.08,2339.88,46.8,2293.08
425,319,10,110,Deluxe,2025-02-16,2025-03-28,2025-04-03,6,40,2,0,2025-03,Friday,Normal,OTA,Chinese,1,0,Regular,CANCELLED,2025-03-09,2024.0,12144.0,4200,0.0,1634.4,1258.49,19236.89,2885.53,16351.35
426,98,8,108,Deluxe,2025-02-16,2025-03-12,2025-03-14,2,24,1,0,2025-03,Wednesday,Normal,OTA,Russian,1,0,Regular,CHECKED_OUT,,2200.0,4400.0,700,0.0,510.0,392.7,6002.7,900.4,5102.3
427,320,6,106,Standard,2025-02-16,2025-04-16,2025-04-17,1,59,2,0,2025-04,Wednesday,Normal,OTA,Malaysian,1,0,Regular,CHECKED_OUT,,1288.0,1288.0,700,0.0,198.8,153.08,2339.88,350.98,1988.89
428,321,3,103,Standard,2025-02-16,2025-03-04,2025-03-05,1,16,2,1,2025-03,Tuesday,Normal,Website,Korean,1,0,Regular,CHECKED_OUT,,1400.0,1400.0,700,0.0,210.0,161.7,2471.7,49.43,2422.27
429,322,4,104,Standard,2025-02-16,2025-03-17,2025-03-18,1,29,3,0,2025-03,Monday,Normal,OTA,Chinese,0,0,Regular,CHECKED_OUT,,1288.0,1288.0,0,0.0,128.8,99.18,1515.98,227.4,1288.58
430,323,13,203,Suite,2025-02-16,2025-04-14,2025-04-15,1,57,2,0,2025-04,Monday,Normal,Website,German,1,0,Regular,CHECKED_OUT,,3864.0,3864.0,700,0.0,456.4,351.43,5371.83,107.44,5264.39
431,320,11,201,Deluxe,2025-02-16,2025-02-19,2025-02-21,2,3,3,0,2025-02,Wednesday,High,Website,Malaysian,1,1,Regular,CHECKED_OUT,,2750.0,5500.0,2100,0.0,760.0,585.2,8945.2,178.9,8766.3
432,324,15,205,Family,2025-02-16,2025-02-18,2025-02-19,1,2,2,1,2025-02,Tuesday,High,Phone,Thai,1,0,Regular,CHECKED_OUT,,3750.0,3750.0,700,0.0,445.0,342.65,5237.65,0.0,5237.65
433,325,12,202,Suite,2025-02-17,2025-02-23,2025-02-24,1,6,2,2,2025-02,Sunday,High,Website,Thai,0,1,Regular,CHECKED_OUT,,5775.0,5775.0,0,0.0,577.5,444.68,6797.18,135.94,6661.23
434,326,13,203,Suite,2025-02-17,2025-02-18,2025-02-20,2,1,2,0,2025-02,Tuesday,High,OTA,Chinese,1,0,Regular,CHECKED_OUT,,5250.0,10500.0,1400,0.0,1190.0,916.3,14006.3,2100.94,11905.35
435,327,15,205,Family,2025-02-17,2025-03-31,2025-04-02,2,42,3,0,2025-03,Monday,Normal,OTA,Russian,0,0,Regular,CHECKED_OUT,,2760.0,5520.0,0,0.0,552.0,425.04,6497.04,974.56,5522.48
436,328,8,108,Deluxe,2025-02-17,2025-04-05,2025-04-07,2,47,1,0,2025-04,Saturday,Normal,Website,Australian,1,0,Regular,CHECKED_OUT,,2200.0,4400.0,700,0.0,510.0,392.7,6002.7,120.05,5882.65
437,94,8,108,Deluxe,2025-02-18,2025-02-18,2025-02-20,2,0,2,0,2025-02,Tuesday,High,Phone,Thai,0,0,Regular,CHECKED_OUT,,3025.0,6050.0,0,0.0,605.0,465.85,7120.85,0.0,7120.85
438,202,7,107,Deluxe,2025-02-18,2025-02-22,2025-02-23,1,4,1,0,2025-02,Saturday,High,Phone,German,1,1,Regular,CHECKED_OUT,,3025.0,3025.0,350,0.0,337.5,259.88,3972.38,0.0,3972.38
439,329,3,103,Standard,2025-02-19,2025-03-07,2025-03-10,3,16,2,0,2025-03,Friday,Normal,OTA,Malaysian,1,0,Regular,CHECKED_OUT,,1540.0,4620.0,2100,0.0,672.0,517.44,7909.44,1186.42,6723.02
440,40,14,204,Family,2025-02-19,2025-03-23,2025-03-27,4,32,3,0,2025-03,Sunday,Normal,Phone,Indian,1,0,Regular,CHECKED_OUT,,2760.0,11040.0,4200,0.0,1524.0,1173.48,17937.48,0.0,17937.48
441,319,15,205,Family,2025-02-19,2025-03-28,2025-03-30,2,37,2,2,2025-03,Friday,Normal,OTA,Chinese,1,0,Regular,CHECKED_OUT,,2760.0,5520.0,1400,0.0,692.0,532.84,8144.84,1221.73,6923.11
442,330,3,103,Standard,2025-02-19,2025-03-19,2025-03-21,2,28,2,0,2025-03,Wednesday,Normal,Website,Thai,1,0,Regular,CHECKED_OUT,,1288.0,2576.0,1400,0.0,397.6,306.15,4679.75,93.6,4586.16
443,100,8,108,Deluxe,2025-02-19,2025-03-22,2025-03-26,4,31,1,0,2025-03,Saturday,Normal,Phone,Russian,1,0,Regular,CHECKED_OUT,,2024.0,8096.0,1400,0.0,949.6,731.19,11176.79,0.0,11176.79
444,331,11,201,Deluxe,2025-02-19,2025-03-18,2025-03-28,10,27,2,0,2025-03,Tuesday,Normal,OTA,American,0,0,Regular,CHECKED_OUT,,2024.0,20240.0,0,0.0,2024.0,1558.48,23822.48,3573.37,20249.11
445,332,4,104,Standard,2025-02-19,2025-03-03,2025-03-07,4,12,3,0,2025-03,Monday,Normal,OTA,Malaysian,1,0,Regular,CHECKED_OUT,,1400.0,5600.0,4200,0.0,980.0,754.6,11534.6,1730.19,9804.41
446,333,1,101,Standard,2025-02-19,2025-03-19,2025-03-21,2,28,1,0,2025-03,Wednesday,Normal,Phone,Korean,1,0,Regular,CHECKED_OUT,,1400.0,2800.0,700,0.0,350.0,269.5,4119.5,0.0,4119.5
447,334,8,108,Deluxe,2025-02-20,2025-02-22,2025-02-24,2,2,2,2,2025-02,Saturday,High,Website,Thai,0,0,Regular,NO_SHOW,,3300.0,6600.0,0,0.0,660.0,508.2,7768.2,155.36,7612.84
448,200,4,104,Standard,2025-02-20,2025-03-09,2025-03-16,7,17,2,0,2025-03,Sunday,Normal,OTA,German,1,0,Regular,CHECKED_OUT,,1400.0,9800.0,4900,0.0,1470.0,1131.9,17301.9,2595.29,14706.62
449,335,11,201,Deluxe,2025-02-20,2025-05-16,2025-05-18,2,85,2,0,2025-05,Friday,Low,Website,Japanese,1,0,Regular,CHECKED_OUT,,1821.6,3643.2,1400,0.0,504.32,388.33,5935.85,118.72,5817.13
450,336,13,203,Suite,2025-02-20,2025-03-12,2025-03-14,2,20,2,1,2025-03,Wednesday,Normal,OTA,Japanese,0,1,Regular,CHECKED_OUT,,4200.0,8400.0,0,0.0,840.0,646.8,9886.8,1483.02,8403.78
451,28,13,203,Suite,2025-02-21,2025-04-28,2025-05-08,10,66,2,0,2025-04,Monday,Normal,OTA,British,0,0,Regular,CHECKED_OUT,,3864.0,38640.0,0,0.0,3864.0,2975.28,45479.28,6821.89,38657.39
452,337,9,109,Deluxe,2025-02-21,2025-03-22,2025-03-28,6,29,2,0,2025-03,Saturday,Normal,OTA,Australian,0,0,Regular,CHECKED_OUT,,2024.0,12144.0,0,0.0,1214.4,935.09,14293.49,2144.02,12149.46
453,89,5,105,Standard,2025-02-21,2025-03-27,2025-03-28,1,34,2,0,2025-03,Thursday,Normal,Website,British,1,0,Regular,CHECKED_OUT,,1400.0,1400.0,700,0.0,210.0,161.7,2471.7,49.43,2422.27
454,152,7,107,Deluxe,2025-02-22,2025-04-06,2025-04-08,2,43,2,0,2025-04,Sunday,Normal,OTA,Chinese,1,0,Regular,CHECKED_OUT,,2200.0,4400.0,1400,0.0,580.0,446.6,6826.6,1023.99,5802.61
455,338,9,109,Deluxe,2025-02-22,2025-04-18,2025-04-19,1,55,2,2,2025-04,Friday,Normal,OTA,American,1,0,Regular,CANCELLED,2025-03-24,2024.0,2024.0,700,0.0,272.4,209.75,3206.15,480.92,2725.23
456,339,8,108,Deluxe,2025-02-22,2025-03-19,2025-03-21,2,25,2,1,2025-03,Wednesday,Normal,OTA,American,0,0,Regular,CHECKED_OUT,,2200.0,4400.0,0,0.0,440.0,338.8,5178.8,776.82,4401.98
457,340,7,107,Deluxe,2025-02-22,2025-02-27,2025-02-28,1,5,1,0,2025-02,Thursday,High,OTA,Singaporean,0,0,Regular,CHECKED_OUT,,2750.0,2750.0,0,0.0,275.0,211.75,3236.75,485.51,2751.24
458,341,6,106,Standard,2025-02-22,2025-04-25,2025-04-26,1,62,1,0,2025-04,Friday,Normal,OTA,German,1,0,Regular,CHECKED_OUT,,1288.0,1288.0,350,0.0,163.8,126.13,1927.93,289.19,1638.74
459,342,2,102,Standard,2025-02-23,2025-04-01,2025-04-03,2,37,1,0,2025-04,Tuesday,Normal,Website,Japanese,1,0,Regular,CHECKED_OUT,,1288.0,2576.0,700,0.0,327.6,252.25,3855.85,77.12,3778.73
460,343,6,106,Standard,2025-02-23,2025-03-12,2025-03-13,1,17,2,0,2025-03,Wednesday,Normal,Website,Thai,1,0,Regular,CHECKED_OUT,,1400.0,1400.0,700,0.0,210.0,161.7,2471.7,49.43,2422.27
461,344,10,110,Deluxe,2025-02-23,2025-02-28,2025-03-01,1,5,2,0,2025-02,Friday,High,Website,Malaysian,1,0,Regular,CHECKED_OUT,,3025.0,3025.0,700,0.0,372.5,286.83,4384.32,87.69,4296.64
462,345,4,104,Standard,2025-02-23,2025-05-13,2025-05-15,2,79,1,0,2025-05,Tuesday,Low,OTA,German,0,0,Regular,CANCELLED,2025-05-09,1159.2,2318.4,0,0.0,231.84,178.52,2728.76,409.31,2319.44
463,346,11,201,Deluxe,2025-02-24,2025-03-15,2025-03-17,2,19,1,0,2025-03,Saturday,Normal,Phone,British,0,0,Regular,CHECKED_OUT,,2024.0,4048.0,0,0.0,404.8,311.7,4764.5,0.0,4764.5
464,347,5,105,Standard,2025-02-24,2025-04-01,2025-04-06,5,36,1,0,2025-04,Tuesday,Normal,OTA,Korean,1,0,Regular,CHECKED_OUT,,1400.0,7000.0,1750,0.0,875.0,673.75,10298.75,1544.81,8753.94
465,328,13,203,Suite,2025-02-25,2025-03-23,2025-04-03,11,26,2,2,2025-03,Sunday,Normal,OTA,Australian,1,1,Regular,CHECKED_OUT,,4200.0,46200.0,7700,0.0,5390.0,4150.3,63440.3,9516.05,53924.26
466,348,6,106,Standard,2025-02-25,2025-03-03,2025-03-04,1,6,1,0,2025-03,Monday,Normal,OTA,American,0,0,Regular,CHECKED_OUT,,1400.0,1400.0,0,0.0,140.0,107.8,1647.8,247.17,1400.63
467,349,12,202,Suite,2025-02-25,2025-03-08,2025-03-09,1,11,2,0,2025-03,Saturday,Normal,OTA,Chinese,0,0,Regular,CANCELLED,2025-03-08,5040.0,5040.0,0,0.0,504.0,388.08,5932.08,889.81,5042.27
468,200,2,102,Standard,2025-02-25,2025-04-10,2025-04-17,7,44,1,0,2025-04,Thursday,Normal,Website,German,0,0,Regular,CHECKED_OUT,,1288.0,9016.0,0,0.0,901.6,694.23,10611.83,212.24,10399.6
469,350,4,104,Standard,2025-02-25,2025-05-15,2025-05-26,11,79,1,0,2025-05,Thursday,Low,OTA,American,0,0,Regular,CHECKED_OUT,,1159.2,12751.2,0,0.0,1275.12,981.84,15008.16,2251.22,12756.94
470,327,8,108,Deluxe,2025-02-25,2025-03-21,2025-03-22,1,24,2,0,2025-03,Friday,Normal,OTA,Russian,1,0,Regular,CANCELLED,2025-02-28,2200.0,2200.0,700,0.0,290.0,223.3,3413.3,512.0,2901.31
471,351,1,101,Standard,2025-02-25,2025-02-25,2025-02-26,1,0,2,0,2025-02,Tuesday,High,Phone,Thai,0,0,Regular,CHECKED_OUT,,1750.0,1750.0,0,0.0,175.0,134.75,2059.75,0.0,2059.75
472,96,5,105,Standard,2025-02-25,2025-03-22,2025-03-24,2,25,1,0,2025-03,Saturday,Normal,Phone,Malaysian,0,0,Regular,CHECKED_OUT,,1400.0,2800.0,0,0.0,280.0,215.6,3295.6,0.0,3295.6
473,352,2,102,Standard,2025-02-25,2025-03-14,2025-03-15,1,17,1,0,2025-03,Friday,Normal,Website,Chinese,0,0,Regular,CHECKED_OUT,,1400.0,1400.0,0,0.0,140.0,107.8,1647.8,32.96,1614.84
474,353,12,202,Suite,2025-02-26,2025-03-20,2025-03-22,2,22,2,2,2025-03,Thursday,Normal,Phone,Japanese,0,1,Regular,CHECKED_OUT,,4200.0,8400.0,0,0.0,840.0,646.8,9886.8,0.0,9886.8
475,354,2,102,Standard,2025-02-26,2025-03-06,2025-03-07,1,8,2,0,2025-03,Thursday,Normal,Phone,Malaysian,1,0,Regular,CHECKED_OUT,,1288.0,1288.0,700,0.0,198.8,153.08,2339.88,0.0,2339.88
476,235,9,109,Deluxe,2025-02-26,2025-03-02,2025-03-04,2,4,2,0,2025-03,Sunday,Normal,OTA,Malaysian,0,0,Regular,CHECKED_OUT,,2200.0,4400.0,0,0.0,440.0,338.8,5178.8,776.82,4401.98
477,355,12,202,Suite,2025-02-26,2025-04-04,2025-04-07,3,37,2,1,2025-04,Friday,Normal,Website,Singaporean,1,1,Regular,CHECKED_OUT,,4200.0,12600.0,2100,0.0,1470.0,1131.9,17301.9,346.04,16955.86
478,356,8,108,Deluxe,2025-02-26,2025-03-16,2025-03-19,3,18,2,0,2025-03,Sunday,Normal,OTA,Korean,0,0,Regular,CHECKED_OUT,,2024.0,6072.0,0,0.0,607.2,467.54,7146.74,1072.01,6074.73
479,357,2,102,Standard,2025-02-26,2025-02-28,2025-03-03,3,2,2,0,2025-02,Friday,High,OTA,Australian,0,0,Regular,CHECKED_OUT,,2100.0,6300.0,0,0.0,630.0,485.1,7415.1,1112.27,6302.84
480,358,7,107,Deluxe,2025-02-27,2025-03-06,2025-03-07,1,7,1,0,2025-03,Thursday,Normal,Website,Thai,0,0,Regular,CHECKED_OUT,,2024.0,2024.0,0,0.0,202.4,155.85,2382.25,47.64,2334.6
481,359,3,103,Standard,2025-02-27,2025-03-14,2025-03-15,1,15,2,0,2025-03,Friday,Normal,OTA,Australian,1,0,Regular,CHECKED_OUT,,1400.0,1400.0,700,0.0,210.0,161.7,2471.7,370.75,2100.94
482,360,14,204,Family,2025-02-27,2025-03-31,2025-04-01,1,32,2,1,2025-03,Monday,Normal,OTA,Thai,0,0,Regular,CHECKED_OUT,,3000.0,3000.0,0,0.0,300.0,231.0,3531.0,529.65,3001.35
483,361,14,204,Family,2025-02-27,2025-03-03,2025-03-06,3,4,3,0,2025-03,Monday,Normal,Phone,Chinese,0,0,Regular,CHECKED_OUT,,3300.0,9900.0,0,0.0,990.0,762.3,11652.3,0.0,11652.3
484,203,3,103,Standard,2025-02-27,2025-03-31,2025-04-02,2,32,2,0,2025-03,Monday,Normal,Website,Indian,0,0,Regular,CHECKED_OUT,,1400.0,2800.0,0,0.0,280.0,215.6,3295.6,65.91,3229.69
485,362,5,105,Standard,2025-02-27,2025-03-19,2025-03-20,1,20,2,1,2025-03,Wednesday,Normal,Website,Japanese,0,0,Regular,CHECKED_OUT,,1400.0,1400.0,0,0.0,140.0,107.8,1647.8,32.96,1614.84
486,363,5,105,Standard,2025-02-27,2025-06-20,2025-06-23,3,113,2,0,2025-06,Friday,Low,OTA,American,1,0,Regular,CANCELLED,2025-05-10,1159.2,3477.6,2100,0.0,557.76,429.48,6564.84,984.73,5580.11
487,364,9,109,Deluxe,2025-02-27,2025-02-27,2025-02-28,1,0,2,0,2025-02,Thursday,High,OTA,Thai,1,0,Regular,CHECKED_OUT,,3025.0,3025.0,700,0.0,372.5,286.83,4384.32,657.65,3726.68
488,365,6,106,Standard,2025-02-28,2025-03-20,2025-03-26,6,20,2,2,2025-03,Thursday,Normal,OTA,Singaporean,0,0,Regular,CHECKED_OUT,,1400.0,8400.0,0,0.0,840.0,646.8,9886.8,1483.02,8403.78
489,340,10,110,Deluxe,2025-03-01,2025-03-29,2025-04-01,3,28,2,0,2025-03,Saturday,Normal,OTA,Singaporean,1,0,Regular,CHECKED_OUT,,2024.0,6072.0,2100,0.0,817.2,629.24,9618.44,1442.77,8175.68
490,366,6,106,Standard,2025-03-01,2025-03-02,2025-03-03,1,1,1,0,2025-03,Sunday,Normal,Website,Thai,1,0,Regular,CHECKED_OUT,,1540.0,1540.0,350,0.0,189.0,145.53,2224.53,44.49,2180.04
491,367,14,204,Family,2025-03-01,2025-03-14,2025-03-15,1,13,2,2,2025-03,Friday,Normal,Website,Singaporean,0,0,Regular,CHECKED_OUT,,3000.0,3000.0,0,0.0,300.0,231.0,3531.0,70.62,3460.38
492,368,3,103,Standard,2025-03-01,2025-03-23,2025-03-25,2,22,1,0,2025-03,Sunday,Normal,OTA,Chinese,1,0,Regular,CHECKED_OUT,,1400.0,2800.0,700,0.0,350.0,269.5,4119.5,617.92,3501.57
493,369,2,102,Standard,2025-03-01,2025-03-09,2025-03-10,1,8,1,0,2025-03,Sunday,Normal,Website,British,1,0,Regular,CHECKED_OUT,,1400.0,1400.0,350,0.0,175.0,134.75,2059.75,41.2,2018.56
494,370,13,203,Suite,2025-03-02,2025-04-19,2025-04-20,1,48,2,0,2025-04,Saturday,Normal,OTA,Chinese,0,0,Regular,CHECKED_OUT,,3864.0,3864.0,0,0.0,386.4,297.53,4547.93,682.19,3865.74
495,371,13,203,Suite,2025-03-02,2025-03-14,2025-03-15,1,12,2,1,2025-03,Friday,Normal,Phone,Thai,0,1,Regular,CHECKED_OUT,,4200.0,4200.0,0,0.0,420.0,323.4,4943.4,0.0,4943.4
496,372,2,102,Standard,2025-03-02,2025-04-04,2025-04-10,6,33,2,0,2025-04,Friday,Normal,Website,Thai,0,0,Regular,CHECKED_OUT,,1400.0,8400.0,0,0.0,840.0,646.8,9886.8,197.74,9689.06
497,373,10,110,Deluxe,2025-03-03,2025-04-04,2025-04-05,1,32,2,0,2025-04,Friday,Normal,Phone,Thai,0,1,Regular,CHECKED_OUT,,2420.0,2420.0,0,0.0,242.0,186.34,2848.34,0.0,2848.34
498,374,11,201,Deluxe,2025-03-03,2025-03-03,2025-03-05,2,0,1,0,2025-03,Monday,Normal,OTA,Chinese,0,0,Regular,CHECKED_OUT,,2420.0,4840.0,0,0.0,484.0,372.68,5696.68,854.5,4842.18
499,375,7,107,Deluxe,2025-03-03,2025-03-03,2025-03-05,2,0,2,0,2025-03,Monday,Normal,OTA,Malaysian,1,0,Regular,CHECKED_OUT,,2640.0,5280.0,1400,0.0,668.0,514.36,7862.36,1179.35,6683.01
500,376,14,204,Family,2025-03-03,2025-06-24,2025-06-25,1,113,2,1,2025-06,Tuesday,Low,Website,Russian,1,0,Regular,CHECKED_OUT,,2484.0,2484.0,700,0.0,318.4,245.17,3747.57,74.95,3672.62
501,377,10,110,Deluxe,2025-03-04,2025-03-18,2025-03-19,1,14,2,0,2025-03,Tuesday,Normal,OTA,Thai,0,0,Regular,CHECKED_OUT,,2200.0,2200.0,0,0.0,220.0,169.4,2589.4,388.41,2200.99
502,378,2,102,Standard,2025-03-04,2025-03-10,2025-03-12,2,6,1,0,2025-03,Monday,Normal,OTA,Thai,1,0,Regular,CHECKED_OUT,,1540.0,3080.0,700,0.0,378.0,291.06,4449.06,667.36,3781.7
503,238,7,107,Deluxe,2025-03-04,2025-03-21,2025-03-22,1,17,2,0,2025-03,Friday,Normal,Phone,Thai,0,0,Regular,CHECKED_OUT,,2200.0,2200.0,0,0.0,220.0,169.4,2589.4,0.0,2589.4
504,291,5,105,Standard,2025-03-04,2025-03-20,2025-03-22,2,16,2,0,2025-03,Thursday,Normal,Phone,Thai,0,0,Regular,CHECKED_OUT,,1540.0,3080.0,0,0.0,308.0,237.16,3625.16,0.0,3625.16
505,379,11,201,Deluxe,2025-03-04,2025-04-30,2025-05-09,9,57,2,0,2025-04,Wednesday,Normal,Phone,German,1,0,Regular,CHECKED_OUT,,2024.0,18216.0,6300,0.0,2451.6,1887.73,28855.33,0.0,28855.33
506,380,9,109,Deluxe,2025-03-05,2025-04-26,2025-04-29,3,52,2,0,2025-04,Saturday,Normal,Phone,Russian,1,0,Regular,CHECKED_OUT,,2024.0,6072.0,2100,0.0,817.2,629.24,9618.44,0.0,9618.44
507,381,14,204,Family,2025-03-05,2025-03-27,2025-03-28,1,22,2,1,2025-03,Thursday,Normal,Phone,Thai,1,0,Regular,CHECKED_OUT,,3000.0,3000.0,700,0.0,370.0,284.9,4354.9,0.0,4354.9
508,107,3,103,Standard,2025-03-06,2025-04-26,2025-05-05,9,51,1,0,2025-04,Saturday,Normal,OTA,German,1,0,Regular,CHECKED_OUT,,1288.0,11592.0,3150,0.0,1474.2,1135.13,17351.33,2602.7,14748.63
509,382,7,107,Deluxe,2025-03-06,2025-03-13,2025-03-15,2,7,2,0,2025-03,Thursday,Normal,OTA,Thai,1,0,Regular,CHECKED_OUT,,2200.0,4400.0,1400,0.0,580.0,446.6,6826.6,1023.99,5802.61
510,383,10,110,Deluxe,2025-03-06,2025-03-28,2025-03-29,1,22,2,2,2025-03,Friday,Normal,Website,Thai,1,0,Regular,CHECKED_OUT,,2200.0,2200.0,700,0.0,290.0,223.3,3413.3,68.27,3345.03
511,384,14,204,Family,2025-03-06,2025-03-20,2025-03-21,1,14,1,0,2025-03,Thursday,Normal,Phone,Thai,0,0,Regular,CHECKED_OUT,,3300.0,3300.0,0,0.0,330.0,254.1,3884.1,0.0,3884.1
512,385,15,205,Family,2025-03-06,2025-05-10,2025-05-14,4,65,2,2,2025-05,Saturday,Low,OTA,Korean,0,0,Regular,CHECKED_OUT,,2484.0,9936.0,0,0.0,993.6,765.07,11694.67,1754.2,9940.47
513,386,7,107,Deluxe,2025-03-06,2025-03-08,2025-03-10,2,2,2,0,2025-03,Saturday,Normal,Website,Indian,0,0,Regular,CHECKED_OUT,,2640.0,5280.0,0,0.0,528.0,406.56,6214.56,124.29,6090.27
514,387,14,204,Family,2025-03-07,2025-03-13,2025-03-14,1,6,3,0,2025-03,Thursday,Normal,OTA,Thai,1,0,Regular,CANCELLED,2025-03-11,3000.0,3000.0,1050,0.0,405.0,311.85,4766.85,715.03,4051.82
515,388,3,103,Standard,2025-03-07,2025-03-21,2025-03-23,2,14,2,0,2025-03,Friday,Normal,OTA,Chinese,0,0,Regular,CHECKED_OUT,,1540.0,3080.0,0,0.0,308.0,237.16,3625.16,543.77,3081.39
516,389,12,202,Suite,2025-03-07,2025-03-24,2025-03-26,2,17,2,1,2025-03,Monday,Normal,Website,Indian,0,0,Regular,CHECKED_OUT,,4200.0,8400.0,0,0.0,840.0,646.8,9886.8,197.74,9689.06
517,390,11,201,Deluxe,2025-03-07,2025-03-14,2025-03-15,1,7,2,0,2025-03,Friday,Normal,Website,Thai,0,0,Regular,CHECKED_OUT,,2420.0,2420.0,0,0.0,242.0,186.34,2848.34,56.97,2791.37
518,309,1,101,Standard,2025-03-07,2025-03-07,2025-03-08,1,0,1,0,2025-03,Friday,Normal,Phone,Indian,0,0,Regular,CHECKED_OUT,,1540.0,1540.0,0,0.0,154.0,118.58,1812.58,0.0,1812.58
519,391,1,101,Standard,2025-03-07,2025-03-22,2025-03-24,2,15,1,0,2025-03,Saturday,Normal,Website,Russian,0,0,Regular,CHECKED_OUT,,1400.0,2800.0,0,0.0,280.0,215.6,3295.6,65.91,3229.69
520,392,3,103,Standard,2025-03-07,2025-05-11,2025-05-16,5,65,1,0,2025-05,Sunday,Low,Website,Chinese,0,0,Regular,CHECKED_OUT,,1159.2,5796.0,0,0.0,579.6,446.29,6821.89,136.44,6685.45
521,393,7,107,Deluxe,2025-03-07,2025-03-26,2025-03-28,2,19,2,0,2025-03,Wednesday,Normal,OTA,Chinese,0,0,Regular,CHECKED_OUT,,2200.0,4400.0,0,0.0,440.0,338.8,5178.8,776.82,4401.98
522,394,8,108,Deluxe,2025-03-07,2025-04-13,2025-04-15,2,37,2,0,2025-04,Sunday,Normal,OTA,Indian,1,0,Regular,CHECKED_OUT,,2024.0,4048.0,1400,0.0,544.8,419.5,6412.3,961.84,5450.45
523,395,8,108,Deluxe,2025-03-07,2025-03-14,2025-03-15,1,7,3,0,2025-03,Friday,Normal,Phone,Thai,0,0,Regular,CHECKED_OUT,,2420.0,2420.0,0,0.0,242.0,186.34,2848.34,0.0,2848.34
524,171,13,203,Suite,2025-03-08,2025-03-17,2025-03-22,5,9,2,1,2025-03,Monday,Normal,OTA,Thai,0,1,Regular,CHECKED_OUT,,3864.0,19320.0,0,0.0,1932.0,1487.64,22739.64,3410.95,19328.69
525,396,1,101,Standard,2025-03-08,2025-03-16,2025-03-18,2,8,2,0,2025-03,Sunday,Normal,OTA,Indian,1,0,Regular,CHECKED_OUT,,1288.0,2576.0,1400,0.0,397.6,306.15,4679.75,701.96,3977.79
526,397,7,107,Deluxe,2025-03-08,2025-03-23,2025-03-25,2,15,2,0,2025-03,Sunday,Normal,OTA,Chinese,1,1,Regular,CHECKED_OUT,,2420.0,4840.0,1400,0.0,624.0,480.48,7344.48,1101.67,6242.81
527,81,1,101,Standard,2025-03-08,2025-04-22,2025-04-27,5,45,2,0,2025-04,Tuesday,Normal,OTA,American,1,0,Regular,CHECKED_OUT,,1288.0,6440.0,3500,0.0,994.0,765.38,11699.38,1754.91,9944.47
528,22,3,103,Standard,2025-03-08,2025-03-27,2025-03-30,3,19,1,0,2025-03,Thursday,Normal,OTA,German,0,0,Regular,CHECKED_OUT,,1540.0,4620.0,0,0.0,462.0,355.74,5437.74,815.66,4622.08
529,398,14,204,Family,2025-03-08,2025-03-18,2025-03-19,1,10,2,1,2025-03,Tuesday,Normal,OTA,Thai,0,0,Regular,CHECKED_OUT,,3000.0,3000.0,0,0.0,300.0,231.0,3531.0,529.65,3001.35
530,289,14,204,Family,2025-03-08,2025-04-01,2025-04-05,4,24,2,0,2025-04,Tuesday,Normal,OTA,Thai,0,0,Regular,CHECKED_OUT,,3000.0,12000.0,0,0.0,1200.0,924.0,14124.0,2118.6,12005.4
531,399,9,109,Deluxe,2025-03-09,2025-04-23,2025-04-25,2,45,2,0,2025-04,Wednesday,Normal,Phone,Malaysian,0,0,Regular,CHECKED_OUT,,2024.0,4048.0,0,0.0,404.8,311.7,4764.5,0.0,4764.5
532,400,8,108,Deluxe,2025-03-09,2025-04-12,2025-04-13,1,34,2,0,2025-04,Saturday,Normal,OTA,Indian,0,0,Regular,CHECKED_OUT,,2024.0,2024.0,0,0.0,202.4,155.85,2382.25,357.34,2024.91
533,401,5,105,Standard,2025-03-09,2025-04-17,2025-04-18,1,39,1,0,2025-04,Thursday,Normal,OTA,Chinese,0,0,Regular,CHECKED_OUT,,1288.0,1288.0,0,0.0,128.8,99.18,1515.98,227.4,1288.58
534,402,7,107,Deluxe,2025-03-09,2025-05-04,2025-05-08,4,56,2,0,2025-05,Sunday,Low,OTA,Russian,0,0,Regular,CHECKED_OUT,,1821.6,7286.4,0,0.0,728.64,561.05,8576.09,1286.41,7289.68
535,403,8,108,Deluxe,2025-03-09,2025-06-09,2025-06-10,1,92,1,0,2025-06,Monday,Low,OTA,Russian,1,0,Regular,CHECKED_OUT,,1821.6,1821.6,350,0.0,217.16,167.21,2555.97,383.4,2172.58
536,404,3,103,Standard,2025-03-10,2025-03-26,2025-03-27,1,16,2,0,2025-03,Wednesday,Normal,Website,Thai,1,0,Regular,CHECKED_OUT,,1400.0,1400.0,700,0.0,210.0,161.7,2471.7,49.43,2422.27
537,405,1,101,Standard,2025-03-10,2025-03-14,2025-03-16,2,4,2,0,2025-03,Friday,Normal,Website,Thai,0,0,Regular,CHECKED_OUT,,1680.0,3360.0,0,0.0,336.0,258.72,3954.72,79.09,3875.63
538,406,11,201,Deluxe,2025-03-10,2025-05-09,2025-05-14,5,60,2,0,2025-05,Friday,Low,Phone,Indian,1,0,Regular,CANCELLED,2025-04-24,1821.6,9108.0,3500,0.0,1260.8,970.82,14839.62,0.0,14839.62
539,407,14,204,Family,2025-03-10,2025-03-19,2025-03-20,1,9,3,0,2025-03,Wednesday,Normal,OTA,Indian,1,0,Regular,CHECKED_OUT,,3300.0,3300.0,1050,0.0,435.0,334.95,5119.95,767.99,4351.96
540,408,14,204,Family,2025-03-11,2025-05-10,2025-05-11,1,60,3,0,2025-05,Saturday,Low,OTA,Chinese,1,0,Regular,CHECKED_OUT,,2484.0,2484.0,1050,0.0,353.4,272.12,4159.52,623.93,3535.59
541,409,14,204,Family,2025-03-11,2025-03-15,2025-03-16,1,4,3,0,2025-03,Saturday,Normal,OTA,Australian,1,0,Regular,CHECKED_OUT,,3000.0,3000.0,1050,0.0,405.0,311.85,4766.85,715.03,4051.82
542,410,10,110,Deluxe,2025-03-11,2025-03-22,2025-03-23,1,11,2,0,2025-03,Saturday,Normal,Website,Thai,0,1,Regular,CHECKED_OUT,,2200.0,2200.0,0,0.0,220.0,169.4,2589.4,51.79,2537.61
543,411,7,107,Deluxe,2025-03-11,2025-05-17,2025-05-21,4,67,2,0,2025-05,Saturday,Low,Website,British,1,0,Regular,CHECKED_OUT,,1821.6,7286.4,2800,0.0,1008.64,776.65,11871.69,237.43,11634.26
544,412,14,204,Family,2025-03-11,2025-04-21,2025-04-22,1,41,2,2,2025-04,Monday,Normal,Phone,Malaysian,0,0,Regular,CHECKED_OUT,,2760.0,2760.0,0,0.0,276.0,212.52,3248.52,0.0,3248.52
545,413,12,202,Suite,2025-03-11,2025-04-12,2025-04-14,2,32,2,0,2025-04,Saturday,Normal,OTA,Thai,0,0,Regular,CHECKED_OUT,,4200.0,8400.0,0,0.0,840.0,646.8,9886.8,1483.02,8403.78
546,353,2,102,Standard,2025-03-12,2025-04-18,2025-04-24,6,37,1,0,2025-04,Friday,Normal,Phone,Japanese,0,0,Regular,CHECKED_OUT,,1288.0,7728.0,0,0.0,772.8,595.06,9095.86,0.0,9095.86
547,202,15,205,Family,2025-03-12,2025-06-29,2025-07-02,3,109,2,2,2025-06,Sunday,Low,OTA,German,1,0,Regular,CONFIRMED,,2484.0,7452.0,2100,0.0,955.2,735.5,11242.7,1686.41,9556.3
548,414,1,101,Standard,2025-03-12,2025-05-21,2025-05-24,3,70,1,0,2025-05,Wednesday,Low,Phone,Russian,0,0,Regular,CHECKED_OUT,,1159.2,3477.6,0,0.0,347.76,267.78,4093.14,0.0,4093.14
549,415,5,105,Standard,2025-03-12,2025-03-12,2025-03-15,3,0,3,0,2025-03,Wednesday,Normal,OTA,Chinese,1,0,Regular,CHECKED_OUT,,1400.0,4200.0,3150,0.0,735.0,565.95,8650.95,1297.64,7353.31
550,416,10,110,Deluxe,2025-03-12,2025-03-23,2025-03-24,1,11,2,1,2025-03,Sunday,Normal,OTA,Korean,1,0,Regular,CANCELLED,2025-03-14,2640.0,2640.0,700,0.0,334.0,257.18,3931.18,589.68,3341.5
551,417,5,105,Standard,2025-03-12,2025-04-27,2025-04-30,3,46,2,0,2025-04,Sunday,Normal,OTA,American,1,0,Regular,CHECKED_OUT,,1288.0,3864.0,2100,0.0,596.4,459.23,7019.63,1052.94,5966.68
552,418,10,110,Deluxe,2025-03-13,2025-03-23,2025-03-24,1,10,1,0,2025-03,Sunday,Normal,OTA,Malaysian,0,1,Regular,CHECKED_OUT,,2640.0,2640.0,0,0.0,264.0,203.28,3107.28,466.09,2641.19
553,419,4,104,Standard,2025-03-13,2025-04-12,2025-04-15,3,30,2,0,2025-04,Saturday,Normal,OTA,Japanese,0,0,Regular,CHECKED_OUT,,1400.0,4200.0,0,0.0,420.0,323.4,4943.4,741.51,4201.89
554,420,11,201,Deluxe,2025-03-13,2025-03-13,2025-03-14,1,0,2,0,2025-03,Thursday,Normal,Phone,Singaporean,1,0,Regular,CHECKED_OUT,,2200.0,2200.0,700,0.0,290.0,223.3,3413.3,0.0,3413.3
555,421,14,204,Family,2025-03-13,2025-04-10,2025-04-12,2,28,2,2,2025-04,Thursday,Normal,OTA,Thai,1,0,Regular,CHECKED_OUT,,2760.0,5520.0,1400,0.0,692.0,532.84,8144.84,1221.73,6923.11
556,422,12,202,Suite,2025-03-13,2025-03-17,2025-03-20,3,4,2,0,2025-03,Monday,Normal,Phone,Korean,1,1,Regular,CHECKED_OUT,,4200.0,12600.0,2100,0.0,1470.0,1131.9,17301.9,0.0,17301.9
557,199,12,202,Suite,2025-03-14,2025-03-30,2025-04-01,2,16,2,2,2025-03,Sunday,Normal,OTA,German,1,1,Regular,CANCELLED,2025-03-17,4200.0,8400.0,1400,0.0,980.0,754.6,11534.6,1730.19,9804.41
558,423,9,109,Deluxe,2025-03-14,2025-03-20,2025-03-21,1,6,2,0,2025-03,Thursday,Normal,Website,Malaysian,0,0,Regular,CHECKED_OUT,,2640.0,2640.0,0,0.0,264.0,203.28,3107.28,62.15,3045.13
559,424,4,104,Standard,2025-03-14,2025-04-08,2025-04-11,3,25,2,0,2025-04,Tuesday,Normal,OTA,Indian,1,0,Regular,CHECKED_OUT,,1400.0,4200.0,2100,0.0,630.0,485.1,7415.1,1112.27,6302.84
560,425,1,101,Standard,2025-03-14,2025-05-17,2025-05-20,3,64,2,1,2025-05,Saturday,Low,Website,Indian,1,0,Regular,CHECKED_OUT,,1159.2,3477.6,2100,0.0,557.76,429.48,6564.84,131.3,6433.54
561,426,4,104,Standard,2025-03-15,2025-04-05,2025-04-06,1,21,1,0,2025-04,Saturday,Normal,OTA,Thai,0,0,Regular,CHECKED_OUT,,1680.0,1680.0,0,0.0,168.0,129.36,1977.36,296.6,1680.76
562,427,7,107,Deluxe,2025-03-15,2025-04-04,2025-04-05,1,20,2,0,2025-04,Friday,Normal,OTA,Chinese,1,1,Regular,CANCELLED,2025-03-26,2640.0,2640.0,700,0.0,334.0,257.18,3931.18,589.68,3341.5
563,428,11,201,Deluxe,2025-03-15,2025-05-18,2025-05-20,2,64,1,0,2025-05,Sunday,Low,OTA,Indian,1,0,Regular,CANCELLED,2025-04-24,1821.6,3643.2,700,0.0,434.32,334.43,5111.95,766.79,4345.15
564,429,12,202,Suite,2025-03-15,2025-04-18,2025-04-20,2,34,2,1,2025-04,Friday,Normal,Phone,Chinese,1,0,Regular,CHECKED_OUT,,3864.0,7728.0,1400,0.0,912.8,702.86,10743.66,0.0,10743.66
565,430,14,204,Family,2025-03-15,2025-04-19,2025-04-20,1,35,2,1,2025-04,Saturday,Normal,OTA,Korean,1,0,Regular,CHECKED_OUT,,2760.0,2760.0,700,0.0,346.0,266.42,4072.42,610.86,3461.56
566,431,2,102,Standard,2025-03-15,2025-03-31,2025-04-01,1,16,2,0,2025-03,Monday,Normal,OTA,Malaysian,0,0,Regular,CANCELLED,2025-03-18,1400.0,1400.0,0,0.0,140.0,107.8,1647.8,247.17,1400.63
567,426,7,107,Deluxe,2025-03-15,2025-03-22,2025-03-23,1,7,2,0,2025-03,Saturday,Normal,Website,Thai,1,0,Regular,CHECKED_OUT,,2420.0,2420.0,700,0.0,312.0,240.24,3672.24,73.44,3598.8
568,432,14,204,Family,2025-03-16,2025-05-02,2025-05-03,1,47,2,2,2025-05,Friday,Low,OTA,Chinese,1,0,Regular,CHECKED_OUT,,2484.0,2484.0,700,0.0,318.4,245.17,3747.57,562.14,3185.43
569,433,13,203,Suite,2025-03-16,2025-04-09,2025-04-11,2,24,2,2,2025-04,Wednesday,Normal,OTA,Chinese,0,1,Regular,CHECKED_OUT,,4200.0,8400.0,0,0.0,840.0,646.8,9886.8,1483.02,8403.78
570,434,3,103,Standard,2025-03-16,2025-03-16,2025-03-19,3,0,1,0,2025-03,Sunday,Normal,OTA,Indian,1,0,Regular,CHECKED_OUT,,1288.0,3864.0,1050,0.0,491.4,378.38,5783.78,867.57,4916.21
571,435,10,110,Deluxe,2025-03-16,2025-03-24,2025-03-27,3,8,2,0,2025-03,Monday,Normal,Website,Australian,1,1,Regular,CANCELLED,2025-03-16,2420.0,7260.0,2100,0.0,936.0,720.72,11016.72,220.33,10796.39
572,436,10,110,Deluxe,2025-03-17,2025-03-17,2025-03-18,1,0,2,1,2025-03,Monday,Normal,Phone,Thai,0,0,Regular,NO_SHOW,,2200.0,2200.0,0,0.0,220.0,169.4,2589.4,0.0,2589.4
573,437,13,203,Suite,2025-03-17,2025-04-11,2025-04-12,1,25,1,0,2025-04,Friday,Normal,Phone,Thai,0,0,Regular,CHECKED_OUT,,4200.0,4200.0,0,0.0,420.0,323.4,4943.4,0.0,4943.4
574,202,8,108,Deluxe,2025-03-17,2025-05-03,2025-05-04,1,47,2,0,2025-05,Saturday,Low,OTA,German,1,0,Silver,CHECKED_OUT,,1821.6,1821.6,700,126.08,239.55,184.46,2819.53,422.93,2396.6
575,438,12,202,Suite,2025-03-17,2025-06-07,2025-06-09,2,82,2,0,2025-06,Saturday,Low,OTA,Malaysian,1,0,Regular,CANCELLED,2025-05-02,3477.6,6955.2,1400,0.0,835.52,643.35,9834.07,1475.11,8358.96
576,439,12,202,Suite,2025-03-18,2025-03-22,2025-03-24,2,4,2,1,2025-03,Saturday,Normal,OTA,Australian,0,1,Regular,CHECKED_OUT,,4620.0,9240.0,0,0.0,924.0,711.48,10875.48,1631.32,9244.16
577,440,6,106,Standard,2025-03-19,2025-04-12,2025-04-15,3,24,2,0,2025-04,Saturday,Normal,Website,Thai,1,0,Regular,CHECKED_OUT,,1400.0,4200.0,2100,0.0,630.0,485.1,7415.1,148.3,7266.8
578,441,13,203,Suite,2025-03-19,2025-05-19,2025-05-20,1,61,2,1,2025-05,Monday,Low,OTA,German,0,1,Regular,CHECKED_OUT,,3477.6,3477.6,0,0.0,347.76,267.78,4093.14,613.97,3479.16
579,442,7,107,Deluxe,2025-03-19,2025-04-04,2025-04-06,2,16,1,0,2025-04,Friday,Normal,Website,Chinese,1,1,Regular,CHECKED_OUT,,2640.0,5280.0,700,0.0,598.0,460.46,7038.46,140.77,6897.69
580,443,8,108,Deluxe,2025-03-19,2025-03-26,2025-03-27,1,7,2,0,2025-03,Wednesday,Normal,Phone,Thai,0,0,Regular,CANCELLED,2025-03-22,2200.0,2200.0,0,0.0,220.0,169.4,2589.4,0.0,2589.4
581,444,7,107,Deluxe,2025-03-19,2025-03-28,2025-03-29,1,9,2,1,2025-03,Friday,Normal,OTA,Malaysian,1,0,Regular,CHECKED_OUT,,2200.0,2200.0,700,0.0,290.0,223.3,3413.3,512.0,2901.31
582,445,13,203,Suite,2025-03-19,2025-06-13,2025-06-14,1,86,2,0,2025-06,Friday,Low,OTA,American,1,0,Regular,CHECKED_OUT,,3477.6,3477.6,700,0.0,417.76,321.68,4917.04,737.56,4179.48
583,446,5,105,Standard,2025-03-19,2025-04-14,2025-04-15,1,26,1,0,2025-04,Monday,Normal,OTA,Singaporean,1,0,Regular,CANCELLED,2025-03-22,1400.0,1400.0,350,0.0,175.0,134.75,2059.75,308.96,1750.79
584,447,12,202,Suite,2025-03-20,2025-03-26,2025-03-28,2,6,2,1,2025-03,Wednesday,Normal,OTA,Russian,1,0,Regular,CHECKED_OUT,,4200.0,8400.0,1400,0.0,980.0,754.6,11534.6,1730.19,9804.41
585,437,11,201,Deluxe,2025-03-20,2025-03-28,2025-03-29,1,8,2,0,2025-03,Friday,Normal,Website,Thai,0,0,Regular,CHECKED_OUT,,2200.0,2200.0,0,0.0,220.0,169.4,2589.4,51.79,2537.61
586,64,6,106,Standard,2025-03-20,2025-04-26,2025-04-27,1,37,2,0,2025-04,Saturday,Normal,OTA,Singaporean,0,0,Regular,CANCELLED,2025-04-14,1288.0,1288.0,0,0.0,128.8,99.18,1515.98,227.4,1288.58
587,448,6,106,Standard,2025-03-20,2025-05-21,2025-05-22,1,62,2,0,2025-05,Wednesday,Low,OTA,German,1,0,Regular,CANCELLED,2025-03-23,1159.2,1159.2,700,0.0,185.92,143.16,2188.28,328.24,1860.04
588,449,7,107,Deluxe,2025-03-21,2025-03-29,2025-03-30,1,8,2,1,2025-03,Saturday,Normal,OTA,Thai,0,0,Regular,CHECKED_OUT,,2200.0,2200.0,0,0.0,220.0,169.4,2589.4,388.41,2200.99
589,289,5,105,Standard,2025-03-22,2025-04-16,2025-04-17,1,25,1,0,2025-04,Wednesday,Normal,Website,Thai,0,0,Regular,CHECKED_OUT,,1288.0,1288.0,0,0.0,128.8,99.18,1515.98,30.32,1485.66
590,213,5,105,Standard,2025-03-22,2025-04-08,2025-04-09,1,17,1,0,2025-04,Tuesday,Normal,Phone,Malaysian,1,0,Regular,CHECKED_OUT,,1400.0,1400.0,350,0.0,175.0,134.75,2059.75,0.0,2059.75
591,450,12,202,Suite,2025-03-22,2025-04-22,2025-04-23,1,31,2,2,2025-04,Tuesday,Normal,Phone,Thai,1,0,Regular,CHECKED_OUT,,3864.0,3864.0,700,0.0,456.4,351.43,5371.83,0.0,5371.83
592,451,1,101,Standard,2025-03-22,2025-04-11,2025-04-13,2,20,1,0,2025-04,Friday,Normal,OTA,Chinese,1,0,Regular,CHECKED_OUT,,1400.0,2800.0,700,0.0,350.0,269.5,4119.5,617.92,3501.57
593,452,12,202,Suite,2025-03-22,2025-05-02,2025-05-07,5,41,2,0,2025-05,Friday,Low,Phone,Chinese,1,0,Regular,CHECKED_OUT,,3780.0,18900.0,3500,0.0,2240.0,1724.8,26364.8,0.0,26364.8
594,453,11,201,Deluxe,2025-03-23,2025-04-19,2025-04-21,2,27,2,1,2025-04,Saturday,Normal,OTA,Chinese,0,0,Regular,CHECKED_OUT,,2200.0,4400.0,0,0.0,440.0,338.8,5178.8,776.82,4401.98
595,454,14,204,Family,2025-03-23,2025-04-22,2025-04-29,7,30,2,1,2025-04,Tuesday,Normal,Website,American,1,0,Regular,CANCELLED,2025-03-28,2760.0,19320.0,4900,0.0,2422.0,1864.94,28506.94,570.14,27936.8
596,455,12,202,Suite,2025-03-23,2025-04-02,2025-04-03,1,10,2,0,2025-04,Wednesday,Normal,OTA,Singaporean,0,0,Regular,CHECKED_OUT,,4200.0,4200.0,0,0.0,420.0,323.4,4943.4,741.51,4201.89
597,456,2,102,Standard,2025-03-23,2025-03-29,2025-03-30,1,6,3,0,2025-03,Saturday,Normal,OTA,Thai,0,0,Regular,CHECKED_OUT,,1400.0,1400.0,0,0.0,140.0,107.8,1647.8,247.17,1400.63
598,457,12,202,Suite,2025-03-24,2025-05-18,2025-05-21,3,55,2,1,2025-05,Sunday,Low,OTA,Australian,1,1,Regular,CHECKED_OUT,,3477.6,10432.8,2100,0.0,1253.28,965.03,14751.11,2212.67,12538.44
599,118,14,204,Family,2025-03-24,2025-04-07,2025-04-08,1,14,2,2,2025-04,Monday,Normal,OTA,German,1,0,Regular,CHECKED_OUT,,3000.0,3000.0,700,0.0,370.0,284.9,4354.9,653.23,3701.66
600,458,10,110,Deluxe,2025-03-24,2025-05-22,2025-05-23,1,59,2,0,2025-05,Thursday,Low,OTA,Malaysian,0,0,Regular,CHECKED_OUT,,1821.6,1821.6,0,0.0,182.16,140.26,2144.02,321.6,1822.42
601,459,2,102,Standard,2025-03-24,2025-03-26,2025-03-27,1,2,3,0,2025-03,Wednesday,Normal,OTA,Korean,0,0,Regular,CHECKED_OUT,,1540.0,1540.0,0,0.0,154.0,118.58,1812.58,271.89,1540.69
602,460,14,204,Family,2025-03-25,2025-05-03,2025-05-06,3,39,2,2,2025-05,Saturday,Low,OTA,Australian,1,0,Regular,CHECKED_OUT,,2700.0,8100.0,2100,0.0,1020.0,785.4,12005.4,1800.81,10204.59
603,461,6,106,Standard,2025-03-25,2025-04-19,2025-04-23,4,25,2,0,2025-04,Saturday,Normal,OTA,Chinese,1,0,Regular,CANCELLED,2025-04-11,1400.0,5600.0,2800,0.0,840.0,646.8,9886.8,1483.02,8403.78
604,462,10,110,Deluxe,2025-03-25,2025-04-13,2025-04-27,14,19,2,0,2025-04,Sunday,Normal,Website,Russian,1,1,Regular,CHECKED_OUT,,2200.0,30800.0,9800,0.0,4060.0,3126.2,47786.2,955.72,46830.48
605,463,9,109,Deluxe,2025-03-25,2025-04-19,2025-04-20,1,25,1,0,2025-04,Saturday,Normal,Website,Chinese,1,0,Regular,CHECKED_OUT,,2200.0,2200.0,350,0.0,255.0,196.35,3001.35,60.03,2941.32
606,464,12,202,Suite,2025-03-25,2025-04-20,2025-04-22,2,26,2,1,2025-04,Sunday,Normal,Phone,Singaporean,1,1,Regular,CHECKED_OUT,,3864.0,7728.0,1400,0.0,912.8,702.86,10743.66,0.0,10743.66
607,26,13,203,Suite,2025-03-25,2025-06-11,2025-06-13,2,78,2,0,2025-06,Wednesday,Low,OTA,Russian,0,0,Regular,CANCELLED,2025-04-30,3477.6,6955.2,0,0.0,695.52,535.55,8186.27,1227.94,6958.33
608,465,10,110,Deluxe,2025-03-25,2025-06-21,2025-06-24,3,88,2,0,2025-06,Saturday,Low,OTA,Chinese,1,0,Regular,CHECKED_OUT,,1821.6,5464.8,2100,0.0,756.48,582.49,8903.77,1335.57,7568.2
609,122,8,108,Deluxe,2025-03-26,2025-04-25,2025-04-28,3,30,2,0,2025-04,Friday,Normal,OTA,Russian,1,1,Regular,CHECKED_OUT,,2200.0,6600.0,2100,0.0,870.0,669.9,10239.9,1535.98,8703.91
610,466,7,107,Deluxe,2025-03-26,2025-04-24,2025-04-25,1,29,3,0,2025-04,Thursday,Normal,OTA,Singaporean,0,0,Regular,CHECKED_OUT,,2024.0,2024.0,0,0.0,202.4,155.85,2382.25,357.34,2024.91
611,467,6,106,Standard,2025-03-26,2025-04-29,2025-04-30,1,34,2,0,2025-04,Tuesday,Normal,OTA,Malaysian,0,0,Regular,CHECKED_OUT,,1400.0,1400.0,0,0.0,140.0,107.8,1647.8,247.17,1400.63
612,468,1,101,Standard,2025-03-26,2025-05-31,2025-06-03,3,66,2,0,2025-05,Saturday,Low,OTA,Australian,1,0,Regular,CANCELLED,2025-04-29,1159.2,3477.6,2100,0.0,557.76,429.48,6564.84,984.73,5580.11
613,469,11,201,Deluxe,2025-03-26,2025-03-31,2025-04-04,4,5,1,0,2025-03,Monday,Normal,Website,Malaysian,0,0,Regular,CHECKED_OUT,,2200.0,8800.0,0,0.0,880.0,677.6,10357.6,207.15,10150.45
614,470,7,107,Deluxe,2025-03-26,2025-04-19,2025-04-20,1,24,1,0,2025-04,Saturday,Normal,OTA,Chinese,0,0,Regular,CHECKED_OUT,,2200.0,2200.0,0,0.0,220.0,169.4,2589.4,388.41,2200.99
615,471,14,204,Family,2025-03-27,2025-03-29,2025-03-30,1,2,2,2,2025-03,Saturday,Normal,Website,Thai,0,0,Regular,CHECKED_OUT,,3000.0,3000.0,0,0.0,300.0,231.0,3531.0,70.62,3460.38
616,472,10,110,Deluxe,2025-03-27,2025-03-27,2025-03-28,1,0,1,0,2025-03,Thursday,Normal,Website,Thai,0,1,Regular,CHECKED_OUT,,2640.0,2640.0,0,0.0,264.0,203.28,3107.28,62.15,3045.13
617,473,13,203,Suite,2025-03-27,2025-04-07,2025-04-08,1,11,2,1,2025-04,Monday,Normal,Phone,Chinese,1,1,Regular,CHECKED_OUT,,4200.0,4200.0,700,0.0,490.0,377.3,5767.3,0.0,5767.3
618,474,14,204,Family,2025-03-27,2025-04-08,2025-04-10,2,12,2,1,2025-04,Tuesday,Normal,OTA,Chinese,1,0,Regular,CHECKED_OUT,,3000.0,6000.0,1400,0.0,740.0,569.8,8709.8,1306.47,7403.33
619,475,5,105,Standard,2025-03-28,2025-04-24,2025-04-27,3,27,2,0,2025-04,Thursday,Normal,OTA,Korean,0,0,Regular,CHECKED_OUT,,1400.0,4200.0,0,0.0,420.0,323.4,4943.4,741.51,4201.89
620,476,1,101,Standard,2025-03-28,2025-04-16,2025-04-17,1,19,1,0,2025-04,Wednesday,Normal,OTA,Thai,1,0,Regular,CHECKED_OUT,,1400.0,1400.0,350,0.0,175.0,134.75,2059.75,308.96,1750.79
621,477,12,202,Suite,2025-03-28,2025-04-30,2025-05-01,1,33,2,2,2025-04,Wednesday,Normal,OTA,Chinese,0,0,Regular,CHECKED_OUT,,4200.0,4200.0,0,0.0,420.0,323.4,4943.4,741.51,4201.89
622,478,5,105,Standard,2025-03-28,2025-05-25,2025-05-28,3,58,2,0,2025-05,Sunday,Low,Phone,Korean,1,0,Regular,CHECKED_OUT,,1159.2,3477.6,2100,0.0,557.76,429.48,6564.84,0.0,6564.84
623,479,12,202,Suite,2025-03-28,2025-03-30,2025-03-31,1,2,2,0,2025-03,Sunday,Normal,OTA,Indian,0,0,Regular,CANCELLED,2025-03-29,4200.0,4200.0,0,0.0,420.0,323.4,4943.4,741.51,4201.89
624,480,7,107,Deluxe,2025-03-29,2025-04-27,2025-04-28,1,29,1,0,2025-04,Sunday,Normal,OTA,Chinese,1,0,Regular,CHECKED_OUT,,2200.0,2200.0,350,0.0,255.0,196.35,3001.35,450.2,2551.15
625,481,7,107,Deluxe,2025-03-29,2025-03-31,2025-04-01,1,2,2,0,2025-03,Monday,Normal,Phone,Thai,0,0,Regular,CHECKED_OUT,,2200.0,2200.0,0,0.0,220.0,169.4,2589.4,0.0,2589.4
626,482,12,202,Suite,2025-03-29,2025-03-30,2025-04-01,2,1,2,0,2025-03,Sunday,Normal,OTA,Chinese,1,0,Regular,CHECKED_OUT,,4200.0,8400.0,1400,0.0,980.0,754.6,11534.6,1730.19,9804.41
627,483,8,108,Deluxe,2025-03-30,2025-05-13,2025-05-14,1,44,2,0,2025-05,Tuesday,Low,OTA,Malaysian,0,0,Regular,CHECKED_OUT,,1821.6,1821.6,0,0.0,182.16,140.26,2144.02,321.6,1822.42
628,484,1,101,Standard,2025-03-30,2025-04-02,2025-04-03,1,3,2,1,2025-04,Wednesday,Normal,Website,Thai,0,0,Regular,CHECKED_OUT,,1400.0,1400.0,0,0.0,140.0,107.8,1647.8,32.96,1614.84
629,485,8,108,Deluxe,2025-03-30,2025-04-04,2025-04-05,1,5,1,0,2025-04,Friday,Normal,OTA,Malaysian,0,1,Regular,CHECKED_OUT,,2640.0,2640.0,0,0.0,264.0,203.28,3107.28,466.09,2641.19
630,486,7,107,Deluxe,2025-03-30,2025-04-03,2025-04-04,1,4,2,0,2025-04,Thursday,Normal,OTA,Thai,1,0,Regular,CANCELLED,2025-04-01,2200.0,2200.0,700,0.0,290.0,223.3,3413.3,512.0,2901.31
631,442,10,110,Deluxe,2025-03-30,2025-05-31,2025-06-01,1,62,2,0,2025-05,Saturday,Low,OTA,Chinese,1,0,Regular,CHECKED_OUT,,1821.6,1821.6,700,0.0,252.16,194.16,2967.92,445.19,2522.73
632,487,13,203,Suite,2025-03-30,2025-04-12,2025-04-14,2,13,1,0,2025-04,Saturday,Normal,OTA,Chinese,1,1,Regular,CHECKED_OUT,,4200.0,8400.0,700,0.0,910.0,700.7,10710.7,1606.61,9104.1
633,432,8,108,Deluxe,2025-03-30,2025-05-17,2025-05-19,2,48,2,0,2025-05,Saturday,Low,Website,Chinese,1,0,Regular,CHECKED_OUT,,1980.0,3960.0,1400,0.0,536.0,412.72,6308.72,126.17,6182.55
634,488,11,201,Deluxe,2025-03-31,2025-04-13,2025-04-14,1,13,2,0,2025-04,Sunday,Normal,OTA,Thai,1,0,Regular,CHECKED_OUT,,2200.0,2200.0,700,0.0,290.0,223.3,3413.3,512.0,2901.31
635,489,3,103,Standard,2025-03-31,2025-04-12,2025-04-13,1,12,2,0,2025-04,Saturday,Normal,OTA,Thai,1,0,Regular,CANCELLED,2025-04-12,1540.0,1540.0,700,0.0,224.0,172.48,2636.48,395.47,2241.01
636,490,7,107,Deluxe,2025-03-31,2025-04-15,2025-04-19,4,15,2,0,2025-04,Tuesday,Normal,Website,Chinese,0,0,Regular,CHECKED_OUT,,2024.0,8096.0,0,0.0,809.6,623.39,9528.99,190.58,9338.41
637,491,5,105,Standard,2025-03-31,2025-05-29,2025-05-30,1,59,2,0,2025-05,Thursday,Low,OTA,Indian,1,0,Regular,CHECKED_OUT,,1159.2,1159.2,700,0.0,185.92,143.16,2188.28,328.24,1860.04
638,213,14,204,Family,2025-03-31,2025-04-17,2025-04-19,2,17,2,0,2025-04,Thursday,Normal,Phone,Malaysian,1,0,Regular,CHECKED_OUT,,2760.0,5520.0,1400,0.0,692.0,532.84,8144.84,0.0,8144.84
639,492,10,110,Deluxe,2025-03-31,2025-05-16,2025-05-20,4,46,2,1,2025-05,Friday,Low,OTA,Australian,0,0,Regular,CHECKED_OUT,,1821.6,7286.4,0,0.0,728.64,561.05,8576.09,1286.41,7289.68
640,493,4,104,Standard,2025-03-31,2025-04-23,2025-04-24,1,23,1,0,2025-04,Wednesday,Normal,Website,Thai,0,0,Regular,CANCELLED,2025-04-16,1288.0,1288.0,0,0.0,128.8,99.18,1515.98,30.32,1485.66
641,494,5,105,Standard,2025-03-31,2025-04-19,2025-04-20,1,19,3,0,2025-04,Saturday,Normal,OTA,Thai,0,0,Regular,CHECKED_OUT,,1400.0,1400.0,0,0.0,140.0,107.8,1647.8,247.17,1400.63
642,431,11,201,Deluxe,2025-04-01,2025-04-27,2025-04-29,2,26,2,0,2025-04,Sunday,Normal,OTA,Malaysian,0,0,Regular,CANCELLED,2025-04-12,2200.0,4400.0,0,0.0,440.0,338.8,5178.8,776.82,4401.98
643,372,3,103,Standard,2025-04-01,2025-04-03,2025-04-04,1,2,1,0,2025-04,Thursday,Normal,Website,Thai,0,0,Regular,CHECKED_OUT,,1400.0,1400.0,0,0.0,140.0,107.8,1647.8,32.96,1614.84
644,495,3,103,Standard,2025-04-01,2025-04-17,2025-04-21,4,16,1,0,2025-04,Thursday,Normal,OTA,Chinese,0,0,Regular,CHECKED_OUT,,1400.0,5600.0,0,0.0,560.0,431.2,6591.2,988.68,5602.52
645,496,3,103,Standard,2025-04-02,2025-04-12,2025-04-13,1,10,2,0,2025-04,Saturday,Normal,OTA,Thai,1,0,Regular,CHECKED_OUT,,1540.0,1540.0,700,0.0,224.0,172.48,2636.48,395.47,2241.01
646,497,6,106,Standard,2025-04-02,2025-04-20,2025-04-21,1,18,1,0,2025-04,Sunday,Normal,Phone,Thai,0,0,Regular,CHECKED_OUT,,1400.0,1400.0,0,0.0,140.0,107.8,1647.8,0.0,1647.8
647,498,8,108,Deluxe,2025-04-02,2025-04-19,2025-04-22,3,17,2,0,2025-04,Saturday,Normal,OTA,American,1,0,Regular,CANCELLED,2025-04-04,2420.0,7260.0,2100,0.0,936.0,720.72,11016.72,1652.51,9364.21
648,499,8,108,Deluxe,2025-04-02,2025-04-07,2025-04-09,2,5,2,0,2025-04,Monday,Normal,Phone,Japanese,1,0,Regular,CHECKED_OUT,,2420.0,4840.0,1400,0.0,624.0,480.48,7344.48,0.0,7344.48
649,500,8,108,Deluxe,2025-04-02,2025-05-30,2025-05-31,1,58,2,0,2025-05,Friday,Low,OTA,Malaysian,1,0,Regular,CHECKED_OUT,,1821.6,1821.6,700,0.0,252.16,194.16,2967.92,445.19,2522.73
650,501,10,110,Deluxe,2025-04-02,2025-04-28,2025-05-06,8,26,1,0,2025-04,Monday,Normal,OTA,Chinese,1,0,Regular,CHECKED_OUT,,2200.0,17600.0,2800,0.0,2040.0,1570.8,24010.8,3601.62,20409.18
651,502,1,101,Standard,2025-04-02,2025-04-10,2025-04-11,1,8,2,1,2025-04,Thursday,Normal,OTA,Indian,1,0,Regular,CHECKED_OUT,,1400.0,1400.0,700,0.0,210.0,161.7,2471.7,370.75,2100.94
652,503,8,108,Deluxe,2025-04-02,2025-04-20,2025-04-22,2,18,3,0,2025-04,Sunday,Normal,Phone,Thai,1,0,Regular,CHECKED_OUT,,2200.0,4400.0,2100,0.0,650.0,500.5,7650.5,0.0,7650.5
653,504,1,101,Standard,2025-04-02,2025-04-18,2025-04-21,3,16,2,0,2025-04,Friday,Normal,Website,Thai,1,0,Regular,CHECKED_OUT,,1400.0,4200.0,2100,0.0,630.0,485.1,7415.1,148.3,7266.8
654,505,11,201,Deluxe,2025-04-02,2025-04-25,2025-04-29,4,23,2,0,2025-04,Friday,Normal,OTA,Indian,1,0,Regular,CHECKED_OUT,,2200.0,8800.0,2800,0.0,1160.0,893.2,13653.2,2047.98,11605.22
655,506,13,203,Suite,2025-04-03,2025-05-10,2025-05-11,1,37,2,1,2025-05,Saturday,Low,Website,Thai,0,1,Regular,CHECKED_OUT,,3477.6,3477.6,0,0.0,347.76,267.78,4093.14,81.86,4011.27
656,507,15,205,Family,2025-04-03,2025-05-28,2025-05-29,1,55,3,0,2025-05,Wednesday,Low,Website,Japanese,1,0,Regular,CHECKED_OUT,,2484.0,2484.0,1050,0.0,353.4,272.12,4159.52,83.19,4076.33
657,508,12,202,Suite,2025-04-03,2025-04-07,2025-04-08,1,4,2,0,2025-04,Monday,Normal,OTA,Malaysian,1,1,Regular,CHECKED_OUT,,4620.0,4620.0,700,0.0,532.0,409.64,6261.64,939.25,5322.39
658,509,1,101,Standard,2025-04-03,2025-05-02,2025-05-03,1,29,2,2,2025-05,Friday,Low,OTA,Chinese,1,0,Regular,CANCELLED,2025-04-10,1260.0,1260.0,700,0.0,196.0,150.92,2306.92,346.04,1960.88
659,510,9,109,Deluxe,2025-04-04,2025-04-10,2025-04-13,3,6,1,0,2025-04,Thursday,Normal,OTA,Indian,0,1,Regular,CHECKED_OUT,,2200.0,6600.0,0,0.0,660.0,508.2,7768.2,1165.23,6602.97
660,73,14,204,Family,2025-04-04,2025-05-13,2025-05-16,3,39,2,1,2025-05,Tuesday,Low,Website,Chinese,1,0,Regular,CHECKED_OUT,,2484.0,7452.0,2100,0.0,955.2,735.5,11242.7,224.85,11017.85
661,511,8,108,Deluxe,2025-04-04,2025-04-23,2025-04-24,1,19,1,0,2025-04,Wednesday,Normal,Phone,Japanese,0,0,Regular,CHECKED_OUT,,2024.0,2024.0,0,0.0,202.4,155.85,2382.25,0.0,2382.25
662,512,12,202,Suite,2025-04-04,2025-04-09,2025-04-11,2,5,2,1,2025-04,Wednesday,Normal,Phone,Thai,1,1,Regular,CHECKED_OUT,,4200.0,8400.0,1400,0.0,980.0,754.6,11534.6,0.0,11534.6
663,513,3,103,Standard,2025-04-05,2025-04-10,2025-04-11,1,5,2,0,2025-04,Thursday,Normal,Phone,Russian,1,0,Regular,CHECKED_OUT,,1540.0,1540.0,700,0.0,224.0,172.48,2636.48,0.0,2636.48
664,514,9,109,Deluxe,2025-04-05,2025-04-08,2025-04-09,1,3,2,0,2025-04,Tuesday,Normal,OTA,Chinese,0,0,Regular,CHECKED_OUT,,2200.0,2200.0,0,0.0,220.0,169.4,2589.4,388.41,2200.99
665,515,6,106,Standard,2025-04-05,2025-04-11,2025-04-12,1,6,1,0,2025-04,Friday,Normal,Phone,Thai,0,0,Regular,CHECKED_OUT,,1400.0,1400.0,0,0.0,140.0,107.8,1647.8,0.0,1647.8
666,516,9,109,Deluxe,2025-04-05,2025-05-10,2025-05-11,1,35,2,0,2025-05,Saturday,Low,OTA,Thai,0,0,Regular,CANCELLED,2025-04-26,1821.6,1821.6,0,0.0,182.16,140.26,2144.02,321.6,1822.42
667,517,14,204,Family,2025-04-05,2025-05-23,2025-05-31,8,48,2,1,2025-05,Friday,Low,OTA,American,1,0,Regular,CHECKED_OUT,,2484.0,19872.0,5600,0.0,2547.2,1961.34,29980.54,4497.08,25483.46
668,518,1,101,Standard,2025-04-05,2025-05-11,2025-05-12,1,36,1,0,2025-05,Sunday,Low,OTA,Chinese,1,0,Regular,CHECKED_OUT,,1159.2,1159.2,350,0.0,150.92,116.21,1776.33,266.45,1509.88
669,519,6,106,Standard,2025-04-05,2025-05-11,2025-05-13,2,36,2,0,2025-05,Sunday,Low,OTA,Japanese,0,0,Regular,CHECKED_OUT,,1159.2,2318.4,0,0.0,231.84,178.52,2728.76,409.31,2319.44
670,520,5,105,Standard,2025-04-05,2025-05-01,2025-05-02,1,26,2,0,2025-05,Thursday,Low,Website,Korean,0,0,Regular,CHECKED_OUT,,1260.0,1260.0,0,0.0,126.0,97.02,1483.02,29.66,1453.36
671,376,8,108,Deluxe,2025-04-05,2025-04-28,2025-05-02,4,23,2,1,2025-04,Monday,Normal,Phone,Russian,0,0,Regular,CHECKED_OUT,,2200.0,8800.0,0,0.0,880.0,677.6,10357.6,0.0,10357.6
672,521,13,203,Suite,2025-04-06,2025-05-25,2025-06-04,10,49,2,2,2025-05,Sunday,Low,Website,Australian,1,0,Regular,CANCELLED,2025-04-11,3477.6,34776.0,7000,0.0,4177.6,3216.75,49170.35,983.41,48186.94
673,522,6,106,Standard,2025-04-06,2025-05-21,2025-05-28,7,45,3,0,2025-05,Wednesday,Low,OTA,Korean,1,0,Regular,CHECKED_OUT,,1159.2,8114.4,7350,0.0,1546.44,1190.76,18201.6,2730.24,15471.36
674,523,7,107,Deluxe,2025-04-06,2025-04-25,2025-04-26,1,19,3,0,2025-04,Friday,Normal,Website,Thai,0,0,Regular,CHECKED_OUT,,2200.0,2200.0,0,0.0,220.0,169.4,2589.4,51.79,2537.61
675,266,13,203,Suite,2025-04-06,2025-05-08,2025-05-09,1,32,2,1,2025-05,Thursday,Low,OTA,Australian,1,0,Regular,CHECKED_OUT,,3477.6,3477.6,700,0.0,417.76,321.68,4917.04,737.56,4179.48
676,524,13,203,Suite,2025-04-06,2025-04-20,2025-04-24,4,14,2,0,2025-04,Sunday,Normal,OTA,Malaysian,0,0,Regular,CHECKED_OUT,,4200.0,16800.0,0,0.0,1680.0,1293.6,19773.6,2966.04,16807.56
677,525,9,109,Deluxe,2025-04-06,2025-05-14,2025-05-22,8,38,2,0,2025-05,Wednesday,Low,OTA,Chinese,0,0,Regular,CANCELLED,2025-04-24,1821.6,14572.8,0,0.0,1457.28,1122.11,17152.19,2572.83,14579.36
678,474,8,108,Deluxe,2025-04-07,2025-04-11,2025-04-12,1,4,2,0,2025-04,Friday,Normal,OTA,Chinese,0,0,Regular,CHECKED_OUT,,2200.0,2200.0,0,0.0,220.0,169.4,2589.4,388.41,2200.99
679,526,14,204,Family,2025-04-07,2025-05-09,2025-05-10,1,32,3,0,2025-05,Friday,Low,OTA,Thai,1,0,Regular,NO_SHOW,,2484.0,2484.0,1050,0.0,353.4,272.12,4159.52,623.93,3535.59
680,41,7,107,Deluxe,2025-04-07,2025-04-11,2025-04-12,1,4,1,0,2025-04,Friday,Normal,Website,Singaporean,0,0,Regular,CHECKED_OUT,,2420.0,2420.0,0,0.0,242.0,186.34,2848.34,56.97,2791.37
681,527,1,101,Standard,2025-04-08,2025-04-13,2025-04-14,1,5,2,0,2025-04,Sunday,Normal,Phone,Chinese,1,0,Regular,CHECKED_OUT,,1540.0,1540.0,700,0.0,224.0,172.48,2636.48,0.0,2636.48
682,367,4,104,Standard,2025-04-08,2025-05-02,2025-05-05,3,24,1,0,2025-05,Friday,Low,OTA,Singaporean,1,0,Regular,CANCELLED,2025-05-02,1260.0,3780.0,1050,0.0,483.0,371.91,5684.91,852.74,4832.17
683,528,5,105,Standard,2025-04-08,2025-05-05,2025-05-12,7,27,2,0,2025-05,Monday,Low,OTA,German,1,0,Regular,CHECKED_OUT,,1260.0,8820.0,4900,0.0,1372.0,1056.44,16148.44,2422.27,13726.17
684,529,12,202,Suite,2025-04-09,2025-04-24,2025-04-28,4,15,1,0,2025-04,Thursday,Normal,OTA,Indian,1,1,Regular,CANCELLED,2025-04-15,4200.0,16800.0,1400,0.0,1820.0,1401.4,21421.4,3213.21,18208.19
685,530,3,103,Standard,2025-04-09,2025-04-24,2025-04-25,1,15,1,0,2025-04,Thursday,Normal,OTA,Malaysian,0,0,Regular,CHECKED_OUT,,1400.0,1400.0,0,0.0,140.0,107.8,1647.8,247.17,1400.63
686,531,3,103,Standard,2025-04-09,2025-06-08,2025-06-10,2,60,1,0,2025-06,Sunday,Low,OTA,Chinese,1,0,Regular,CANCELLED,2025-04-09,1159.2,2318.4,700,0.0,301.84,232.42,3552.66,532.9,3019.76
687,532,10,110,Deluxe,2025-04-10,2025-04-12,2025-04-13,1,2,1,0,2025-04,Saturday,Normal,OTA,Singaporean,0,1,Regular,CHECKED_OUT,,2640.0,2640.0,0,0.0,264.0,203.28,3107.28,466.09,2641.19
688,347,5,105,Standard,2025-04-10,2025-04-20,2025-04-23,3,10,2,0,2025-04,Sunday,Normal,OTA,Korean,0,0,Regular,CHECKED_OUT,,1540.0,4620.0,0,0.0,462.0,355.74,5437.74,815.66,4622.08
689,533,10,110,Deluxe,2025-04-10,2025-04-27,2025-04-28,1,17,2,0,2025-04,Sunday,Normal,OTA,Thai,0,0,Regular,CHECKED_OUT,,2200.0,2200.0,0,0.0,220.0,169.4,2589.4,388.41,2200.99
690,37,13,203,Suite,2025-04-10,2025-04-25,2025-04-28,3,15,2,0,2025-04,Friday,Normal,Website,American,1,1,Silver,CHECKED_OUT,,4200.0,12600.0,2100,735.0,1396.5,1075.31,16436.81,328.74,16108.07
691,534,1,101,Standard,2025-04-10,2025-04-29,2025-05-01,2,19,1,0,2025-04,Tuesday,Normal,OTA,Chinese,1,0,Regular,CHECKED_OUT,,1400.0,2800.0,700,0.0,350.0,269.5,4119.5,617.92,3501.57
692,535,15,205,Family,2025-04-10,2025-04-28,2025-04-30,2,18,2,1,2025-04,Monday,Normal,OTA,Thai,1,0,Regular,CHECKED_OUT,,3000.0,6000.0,1400,0.0,740.0,569.8,8709.8,1306.47,7403.33
693,536,12,202,Suite,2025-04-11,2025-04-27,2025-04-29,2,16,2,0,2025-04,Sunday,Normal,Phone,Chinese,0,1,Regular,CHECKED_OUT,,4200.0,8400.0,0,0.0,840.0,646.8,9886.8,0.0,9886.8
694,537,6,106,Standard,2025-04-11,2025-05-18,2025-05-21,3,37,1,0,2025-05,Sunday,Low,Phone,American,1,0,Regular,CHECKED_OUT,,1260.0,3780.0,1050,0.0,483.0,371.91,5684.91,0.0,5684.91
695,538,8,108,Deluxe,2025-04-12,2025-05-23,2025-05-27,4,41,2,0,2025-05,Friday,Low,OTA,Singaporean,0,0,Regular,CHECKED_OUT,,1980.0,7920.0,0,0.0,792.0,609.84,9321.84,1398.28,7923.56
696,539,13,203,Suite,2025-04-12,2025-06-03,2025-06-04,1,52,2,0,2025-06,Tuesday,Low,Phone,British,1,0,Regular,CHECKED_OUT,,3477.6,3477.6,700,0.0,417.76,321.68,4917.04,0.0,4917.04
697,540,6,106,Standard,2025-04-12,2025-04-21,2025-04-22,1,9,2,0,2025-04,Monday,Normal,OTA,Indian,0,0,Regular,CANCELLED,2025-04-20,1400.0,1400.0,0,0.0,140.0,107.8,1647.8,247.17,1400.63
698,541,12,202,Suite,2025-04-12,2025-05-25,2025-05-29,4,43,2,1,2025-05,Sunday,Low,OTA,British,0,1,Regular,CHECKED_OUT,,3780.0,15120.0,0,0.0,1512.0,1164.24,17796.24,2669.44,15126.8
699,542,13,203,Suite,2025-04-13,2025-04-17,2025-04-19,2,4,2,0,2025-04,Thursday,Normal,OTA,Chinese,1,0,Regular,CHECKED_OUT,,4200.0,8400.0,1400,0.0,980.0,754.6,11534.6,1730.19,9804.41
700,543,9,109,Deluxe,2025-04-13,2025-05-13,2025-05-15,2,30,2,1,2025-05,Tuesday,Low,OTA,Russian,1,0,Regular,CANCELLED,2025-04-16,1821.6,3643.2,1400,0.0,504.32,388.33,5935.85,890.38,5045.47
701,544,2,102,Standard,2025-04-13,2025-06-11,2025-06-16,5,59,2,0,2025-06,Wednesday,Low,OTA,British,1,0,Regular,CHECKED_OUT,,1159.2,5796.0,3500,0.0,929.6,715.79,10941.39,1641.21,9300.18
702,545,8,108,Deluxe,2025-04-13,2025-06-06,2025-06-08,2,54,2,0,2025-06,Friday,Low,OTA,Chinese,0,0,Regular,CHECKED_OUT,,1821.6,3643.2,0,0.0,364.32,280.53,4288.05,643.21,3644.84
703,546,11,201,Deluxe,2025-04-13,2025-05-19,2025-05-23,4,36,2,0,2025-05,Monday,Low,OTA,Chinese,1,0,Regular,CHECKED_OUT,,1980.0,7920.0,2800,0.0,1072.0,825.44,12617.44,1892.62,10724.82
704,547,9,109,Deluxe,2025-04-13,2025-05-01,2025-05-03,2,18,2,0,2025-05,Thursday,Low,OTA,Korean,0,0,Regular,CHECKED_OUT,,1980.0,3960.0,0,0.0,396.0,304.92,4660.92,699.14,3961.78
705,488,11,201,Deluxe,2025-04-13,2025-04-21,2025-04-22,1,8,2,0,2025-04,Monday,Normal,Website,Thai,0,0,Regular,CHECKED_OUT,,2200.0,2200.0,0,0.0,220.0,169.4,2589.4,51.79,2537.61
706,548,7,107,Deluxe,2025-04-13,2025-05-10,2025-05-11,1,27,2,2,2025-05,Saturday,Low,Website,Thai,0,0,Regular,CHECKED_OUT,,1821.6,1821.6,0,0.0,182.16,140.26,2144.02,42.88,2101.14
707,430,12,202,Suite,2025-04-14,2025-04-14,2025-04-16,2,0,2,0,2025-04,Monday,Normal,OTA,Korean,0,0,Regular,CHECKED_OUT,,4200.0,8400.0,0,0.0,840.0,646.8,9886.8,1483.02,8403.78
708,461,11,201,Deluxe,2025-04-14,2025-04-14,2025-04-18,4,0,2,0,2025-04,Monday,Normal,OTA,Chinese,1,1,Regular,CHECKED_OUT,,2200.0,8800.0,2800,0.0,1160.0,893.2,13653.2,2047.98,11605.22
709,549,6,106,Standard,2025-04-14,2025-04-21,2025-04-22,1,7,2,0,2025-04,Monday,Normal,OTA,Malaysian,1,0,Regular,CHECKED_OUT,,1400.0,1400.0,700,0.0,210.0,161.7,2471.7,370.75,2100.94
710,524,14,204,Family,2025-04-14,2025-04-25,2025-04-26,1,11,2,1,2025-04,Friday,Normal,OTA,Malaysian,1,0,Regular,CHECKED_OUT,,3300.0,3300.0,700,0.0,400.0,308.0,4708.0,706.2,4001.8
711,550,13,203,Suite,2025-04-14,2025-05-16,2025-05-19,3,32,2,0,2025-05,Friday,Low,Website,Japanese,0,0,Regular,CHECKED_OUT,,3477.6,10432.8,0,0.0,1043.28,803.33,12279.41,245.59,12033.82
712,551,15,205,Family,2025-04-15,2025-06-07,2025-06-13,6,53,2,1,2025-06,Saturday,Low,OTA,Russian,1,0,Regular,NO_SHOW,,2484.0,14904.0,4200,0.0,1910.4,1471.01,22485.41,3372.81,19112.6
713,552,12,202,Suite,2025-04-15,2025-05-10,2025-05-11,1,25,2,2,2025-05,Saturday,Low,OTA,Chinese,1,1,Regular,CHECKED_OUT,,3780.0,3780.0,700,0.0,448.0,344.96,5272.96,790.94,4482.02
714,553,5,105,Standard,2025-04-15,2025-04-18,2025-04-19,1,3,2,0,2025-04,Friday,Normal,OTA,Thai,0,0,Regular,CHECKED_OUT,,1400.0,1400.0,0,0.0,140.0,107.8,1647.8,247.17,1400.63
715,467,12,202,Suite,2025-04-15,2025-04-23,2025-04-27,4,8,2,0,2025-04,Wednesday,Normal,OTA,Malaysian,0,1,Regular,CHECKED_OUT,,4200.0,16800.0,0,0.0,1680.0,1293.6,19773.6,2966.04,16807.56
716,554,12,202,Suite,2025-04-16,2025-05-23,2025-05-24,1,37,2,0,2025-05,Friday,Low,Website,Indian,0,0,Regular,CHECKED_OUT,,3780.0,3780.0,0,0.0,378.0,291.06,4449.06,88.98,4360.08
717,555,7,107,Deluxe,2025-04-16,2025-04-22,2025-04-24,2,6,2,0,2025-04,Tuesday,Normal,OTA,Malaysian,1,0,Regular,CANCELLED,2025-04-17,2200.0,4400.0,1400,0.0,580.0,446.6,6826.6,1023.99,5802.61
718,556,9,109,Deluxe,2025-04-16,2025-04-16,2025-04-19,3,0,2,2,2025-04,Wednesday,Normal,OTA,Korean,0,0,Regular,CHECKED_OUT,,2200.0,6600.0,0,0.0,660.0,508.2,7768.2,1165.23,6602.97
719,557,6,106,Standard,2025-04-16,2025-04-26,2025-04-29,3,10,1,0,2025-04,Saturday,Normal,OTA,Russian,1,0,Regular,CHECKED_OUT,,1540.0,4620.0,1050,0.0,567.0,436.59,6673.59,1001.04,5672.55
720,558,3,103,Standard,2025-04-16,2025-04-25,2025-04-26,1,9,2,0,2025-04,Friday,Normal,OTA,Malaysian,0,0,Regular,CANCELLED,2025-04-21,1680.0,1680.0,0,0.0,168.0,129.36,1977.36,296.6,1680.76
721,559,8,108,Deluxe,2025-04-16,2025-05-22,2025-05-23,1,36,2,2,2025-05,Thursday,Low,OTA,Chinese,0,0,Regular,CHECKED_OUT,,1980.0,1980.0,0,0.0,198.0,152.46,2330.46,349.57,1980.89
722,553,15,205,Family,2025-04-16,2025-05-01,2025-05-03,2,15,2,1,2025-05,Thursday,Low,Phone,Thai,1,0,Regular,CANCELLED,2025-04-23,2700.0,5400.0,1400,0.0,680.0,523.6,8003.6,0.0,8003.6
723,560,14,204,Family,2025-04-16,2025-05-06,2025-05-09,3,20,2,1,2025-05,Tuesday,Low,OTA,Thai,0,0,Regular,CHECKED_OUT,,2700.0,8100.0,0,0.0,810.0,623.7,9533.7,1430.06,8103.65
724,561,6,106,Standard,2025-04-17,2025-06-17,2025-06-19,2,61,1,0,2025-06,Tuesday,Low,OTA,Russian,0,0,Regular,CHECKED_OUT,,1159.2,2318.4,0,0.0,231.84,178.52,2728.76,409.31,2319.44
725,562,6,106,Standard,2025-04-17,2025-04-19,2025-04-20,1,2,1,0,2025-04,Saturday,Normal,Phone,Thai,1,0,Regular,CHECKED_OUT,,1680.0,1680.0,350,0.0,203.0,156.31,2389.31,0.0,2389.31
726,445,13,203,Suite,2025-04-17,2025-06-16,2025-06-17,1,60,1,0,2025-06,Monday,Low,Phone,American,0,0,Regular,CHECKED_OUT,,3477.6,3477.6,0,0.0,347.76,267.78,4093.14,0.0,4093.14
727,563,7,107,Deluxe,2025-04-17,2025-05-28,2025-05-29,1,41,2,0,2025-05,Wednesday,Low,OTA,Russian,1,0,Regular,CHECKED_OUT,,1821.6,1821.6,700,0.0,252.16,194.16,2967.92,445.19,2522.73
728,564,8,108,Deluxe,2025-04-17,2025-04-17,2025-04-19,2,0,2,0,2025-04,Thursday,Normal,OTA,Chinese,0,0,Regular,NO_SHOW,,2200.0,4400.0,0,0.0,440.0,338.8,5178.8,776.82,4401.98
729,565,11,201,Deluxe,2025-04-17,2025-04-23,2025-04-24,1,6,2,0,2025-04,Wednesday,Normal,OTA,Malaysian,0,0,Regular,CHECKED_OUT,,2200.0,2200.0,0,0.0,220.0,169.4,2589.4,388.41,2200.99
730,86,1,101,Standard,2025-04-18,2025-05-03,2025-05-04,1,15,1,0,2025-05,Saturday,Low,OTA,Malaysian,0,0,Regular,CHECKED_OUT,,1260.0,1260.0,0,0.0,126.0,97.02,1483.02,222.45,1260.57
731,566,6,106,Standard,2025-04-18,2025-04-23,2025-04-24,1,5,2,0,2025-04,Wednesday,Normal,OTA,Indian,1,0,Regular,CHECKED_OUT,,1400.0,1400.0,700,0.0,210.0,161.7,2471.7,370.75,2100.94
732,567,8,108,Deluxe,2025-04-18,2025-05-07,2025-05-13,6,19,2,0,2025-05,Wednesday,Low,Website,Chinese,0,0,Regular,CHECKED_OUT,,1980.0,11880.0,0,0.0,1188.0,914.76,13982.76,279.66,13703.1
733,311,4,104,Standard,2025-04-19,2025-05-28,2025-05-30,2,39,2,0,2025-05,Wednesday,Low,OTA,Chinese,0,0,Regular,CANCELLED,2025-04-19,1260.0,2520.0,0,0.0,252.0,194.04,2966.04,444.91,2521.13
734,568,3,103,Standard,2025-04-19,2025-04-25,2025-04-26,1,6,1,0,2025-04,Friday,Normal,OTA,Singaporean,0,0,Regular,CHECKED_OUT,,1680.0,1680.0,0,0.0,168.0,129.36,1977.36,296.6,1680.76
735,569,7,107,Deluxe,2025-04-19,2025-05-08,2025-05-10,2,19,1,0,2025-05,Thursday,Low,OTA,Malaysian,1,0,Regular,CHECKED_OUT,,1980.0,3960.0,700,0.0,466.0,358.82,5484.82,822.72,4662.1
736,570,6,106,Standard,2025-04-20,2025-04-22,2025-04-23,1,2,1,0,2025-04,Tuesday,Normal,OTA,Thai,1,0,Regular,CHECKED_OUT,,1400.0,1400.0,350,0.0,175.0,134.75,2059.75,308.96,1750.79
737,571,4,104,Standard,2025-04-20,2025-05-11,2025-05-13,2,21,2,0,2025-05,Sunday,Low,OTA,Malaysian,1,0,Regular,CHECKED_OUT,,1260.0,2520.0,1400,0.0,392.0,301.84,4613.84,692.08,3921.76
738,572,11,201,Deluxe,2025-04-20,2025-05-25,2025-05-27,2,35,2,2,2025-05,Sunday,Low,Website,Japanese,1,0,Regular,CHECKED_OUT,,1980.0,3960.0,1400,0.0,536.0,412.72,6308.72,126.17,6182.55
739,573,10,110,Deluxe,2025-04-21,2025-05-08,2025-05-09,1,17,2,0,2025-05,Thursday,Low,Website,Thai,0,0,Regular,CHECKED_OUT,,1980.0,1980.0,0,0.0,198.0,152.46,2330.46,46.61,2283.85
740,256,10,110,Deluxe,2025-04-21,2025-06-26,2025-06-28,2,66,2,0,2025-06,Thursday,Low,OTA,Japanese,1,0,Regular,CANCELLED,2025-06-15,1821.6,3643.2,1400,0.0,504.32,388.33,5935.85,890.38,5045.47
741,574,1,101,Standard,2025-04-21,2025-05-01,2025-05-03,2,10,1,0,2025-05,Thursday,Low,OTA,Chinese,0,0,Regular,CANCELLED,2025-05-01,1260.0,2520.0,0,0.0,252.0,194.04,2966.04,444.91,2521.13
742,575,5,105,Standard,2025-04-21,2025-05-17,2025-05-21,4,26,1,0,2025-05,Saturday,Low,Website,Korean,0,0,Regular,CHECKED_OUT,,1260.0,5040.0,0,0.0,504.0,388.08,5932.08,118.64,5813.44
743,576,15,205,Family,2025-04-22,2025-04-30,2025-05-01,1,8,2,1,2025-04,Wednesday,Normal,Phone,Thai,0,0,Regular,CHECKED_OUT,,3000.0,3000.0,0,0.0,300.0,231.0,3531.0,0.0,3531.0
744,577,10,110,Deluxe,2025-04-22,2025-05-06,2025-05-07,1,14,2,0,2025-05,Tuesday,Low,Phone,Thai,0,0,Regular,CHECKED_OUT,,1980.0,1980.0,0,0.0,198.0,152.46,2330.46,0.0,2330.46
745,578,15,205,Family,2025-04-23,2025-05-02,2025-05-05,3,9,2,1,2025-05,Friday,Low,OTA,Korean,0,0,Regular,CHECKED_OUT,,2700.0,8100.0,0,0.0,810.0,623.7,9533.7,1430.06,8103.65
746,579,7,107,Deluxe,2025-04-23,2025-04-26,2025-04-27,1,3,2,2,2025-04,Saturday,Normal,OTA,Chinese,1,1,Regular,CHECKED_OUT,,2420.0,2420.0,700,0.0,312.0,240.24,3672.24,550.84,3121.4
747,580,1,101,Standard,2025-04-23,2025-05-30,2025-06-04,5,37,1,0,2025-05,Friday,Low,Phone,Indian,0,0,Regular,CANCELLED,2025-04-27,1159.2,5796.0,0,0.0,579.6,446.29,6821.89,0.0,6821.89
748,581,11,201,Deluxe,2025-04-23,2025-05-12,2025-05-15,3,19,2,0,2025-05,Monday,Low,OTA,Malaysian,0,0,Regular,CHECKED_OUT,,1980.0,5940.0,0,0.0,594.0,457.38,6991.38,1048.71,5942.67
749,582,5,105,Standard,2025-04-24,2025-04-30,2025-05-01,1,6,2,0,2025-04,Wednesday,Normal,Phone,Thai,0,0,Regular,CHECKED_OUT,,1540.0,1540.0,0,0.0,154.0,118.58,1812.58,0.0,1812.58
750,583,8,108,Deluxe,2025-04-24,2025-06-28,2025-07-01,3,65,3,0,2025-06,Saturday,Low,Website,American,1,0,Regular,CONFIRMED,,1821.6,5464.8,3150,0.0,861.48,663.34,10139.62,202.79,9936.83
751,584,10,110,Deluxe,2025-04-24,2025-05-11,2025-05-12,1,17,2,0,2025-05,Sunday,Low,Website,Malaysian,0,1,Regular,CHECKED_OUT,,1980.0,1980.0,0,0.0,198.0,152.46,2330.46,46.61,2283.85
752,585,9,109,Deluxe,2025-04-25,2025-05-19,2025-05-20,1,24,2,0,2025-05,Monday,Low,Phone,Indian,0,0,Regular,CHECKED_OUT,,2178.0,2178.0,0,0.0,217.8,167.71,2563.51,0.0,2563.51
753,586,14,204,Family,2025-04-25,2025-04-28,2025-04-30,2,3,2,1,2025-04,Monday,Normal,OTA,American,0,0,Regular,CHECKED_OUT,,3600.0,7200.0,0,0.0,720.0,554.4,8474.4,1271.16,7203.24
754,587,9,109,Deluxe,2025-04-25,2025-05-08,2025-05-09,1,13,2,0,2025-05,Thursday,Low,Website,Russian,1,0,Regular,CHECKED_OUT,,1980.0,1980.0,700,0.0,268.0,206.36,3154.36,63.09,3091.27
755,588,13,203,Suite,2025-04-25,2025-06-11,2025-06-12,1,47,2,0,2025-06,Wednesday,Low,Website,American,0,0,Regular,CHECKED_OUT,,3477.6,3477.6,0,0.0,347.76,267.78,4093.14,81.86,4011.27
756,571,14,204,Family,2025-04-25,2025-06-01,2025-06-02,1,37,2,2,2025-06,Sunday,Low,Website,Malaysian,1,0,Regular,CANCELLED,2025-05-27,2484.0,2484.0,700,0.0,318.4,245.17,3747.57,74.95,3672.62
757,589,9,109,Deluxe,2025-04-25,2025-04-25,2025-04-26,1,0,1,0,2025-04,Friday,Normal,OTA,Malaysian,0,0,Regular,CHECKED_OUT,,2640.0,2640.0,0,0.0,264.0,203.28,3107.28,466.09,2641.19
758,590,6,106,Standard,2025-04-26,2025-05-01,2025-05-04,3,5,1,0,2025-05,Thursday,Low,OTA,Chinese,0,0,Regular,CHECKED_OUT,,1260.0,3780.0,0,0.0,378.0,291.06,4449.06,667.36,3781.7
759,591,15,205,Family,2025-04-26,2025-06-24,2025-06-26,2,59,2,2,2025-06,Tuesday,Low,Phone,American,1,0,Regular,CHECKED_OUT,,2484.0,4968.0,1400,0.0,636.8,490.34,7495.14,0.0,7495.14
760,85,15,205,Family,2025-04-26,2025-05-15,2025-05-17,2,19,2,2,2025-05,Thursday,Low,OTA,Korean,0,0,Regular,CHECKED_OUT,,2484.0,4968.0,0,0.0,496.8,382.54,5847.34,877.1,4970.24
761,592,7,107,Deluxe,2025-04-27,2025-05-27,2025-05-28,1,30,2,0,2025-05,Tuesday,Low,Website,Thai,0,0,Regular,CHECKED_OUT,,1980.0,1980.0,0,0.0,198.0,152.46,2330.46,46.61,2283.85
762,593,14,204,Family,2025-04-27,2025-06-03,2025-06-04,1,37,2,1,2025-06,Tuesday,Low,OTA,Indian,1,0,Regular,CHECKED_OUT,,2484.0,2484.0,700,0.0,318.4,245.17,3747.57,562.14,3185.43
763,594,7,107,Deluxe,2025-04-27,2025-05-03,2025-05-04,1,6,1,0,2025-05,Saturday,Low,Website,Thai,1,0,Regular,CHECKED_OUT,,2178.0,2178.0,350,0.0,252.8,194.66,2975.46,59.51,2915.95
764,595,9,109,Deluxe,2025-04-27,2025-05-10,2025-05-13,3,13,1,0,2025-05,Saturday,Low,Phone,Malaysian,1,1,Regular,CHECKED_OUT,,1980.0,5940.0,1050,0.0,699.0,538.23,8227.23,0.0,8227.23
765,596,1,101,Standard,2025-04-27,2025-05-30,2025-05-31,1,33,1,0,2025-05,Friday,Low,Phone,Thai,1,0,Regular,CHECKED_OUT,,1159.2,1159.2,350,0.0,150.92,116.21,1776.33,0.0,1776.33
766,162,12,202,Suite,2025-04-28,2025-06-12,2025-06-13,1,45,2,0,2025-06,Thursday,Low,OTA,Chinese,0,0,Regular,CHECKED_OUT,,3477.6,3477.6,0,0.0,347.76,267.78,4093.14,613.97,3479.16
767,597,1,101,Standard,2025-04-28,2025-05-06,2025-05-09,3,8,2,0,2025-05,Tuesday,Low,Website,British,1,0,Regular,CHECKED_OUT,,1260.0,3780.0,2100,0.0,588.0,452.76,6920.76,138.42,6782.34
768,598,7,107,Deluxe,2025-04-29,2025-05-11,2025-05-14,3,12,2,2,2025-05,Sunday,Low,Website,Chinese,1,0,Regular,CHECKED_OUT,,1980.0,5940.0,2100,0.0,804.0,619.08,9463.08,189.26,9273.82
769,411,5,105,Standard,2025-04-29,2025-05-23,2025-05-25,2,24,1,0,2025-05,Friday,Low,OTA,British,1,0,Regular,CHECKED_OUT,,1260.0,2520.0,700,0.0,322.0,247.94,3789.94,568.49,3221.45
770,471,15,205,Family,2025-04-29,2025-05-23,2025-05-24,1,24,2,2,2025-05,Friday,Low,Website,Thai,0,0,Regular,CHECKED_OUT,,2700.0,2700.0,0,0.0,270.0,207.9,3177.9,63.56,3114.34
771,599,1,101,Standard,2025-04-30,2025-05-01,2025-05-02,1,1,1,0,2025-05,Thursday,Low,Phone,Thai,0,0,Regular,CHECKED_OUT,,1386.0,1386.0,0,0.0,138.6,106.72,1631.32,0.0,1631.32
772,428,3,103,Standard,2025-04-30,2025-05-17,2025-05-21,4,17,1,0,2025-05,Saturday,Low,OTA,Indian,0,0,Regular,CHECKED_OUT,,1260.0,5040.0,0,0.0,504.0,388.08,5932.08,889.81,5042.27
773,600,6,106,Standard,2025-04-30,2025-06-02,2025-06-05,3,33,1,0,2025-06,Monday,Low,OTA,Indian,1,0,Regular,CANCELLED,2025-05-15,1159.2,3477.6,1050,0.0,452.76,348.63,5328.99,799.35,4529.64
774,601,10,110,Deluxe,2025-04-30,2025-05-23,2025-05-24,1,23,2,0,2025-05,Friday,Low,OTA,Chinese,1,0,Regular,CANCELLED,2025-05-16,1980.0,1980.0,700,0.0,268.0,206.36,3154.36,473.15,2681.21
775,602,14,204,Family,2025-04-30,2025-05-11,2025-05-13,2,11,2,1,2025-05,Sunday,Low,OTA,Thai,0,0,Regular,CHECKED_OUT,,2970.0,5940.0,0,0.0,594.0,457.38,6991.38,1048.71,5942.67
776,257,5,105,Standard,2025-05-01,2025-05-13,2025-05-17,4,12,2,0,2025-05,Tuesday,Low,OTA,Singaporean,1,0,Regular,CHECKED_OUT,,1260.0,5040.0,2800,0.0,784.0,603.68,9227.68,1384.15,7843.53
777,603,2,102,Standard,2025-05-01,2025-05-18,2025-05-19,1,17,1,0,2025-05,Sunday,Low,Website,Korean,1,0,Regular,CHECKED_OUT,,1386.0,1386.0,350,0.0,173.6,133.67,2043.27,40.87,2002.41
778,461,9,109,Deluxe,2025-05-01,2025-05-16,2025-05-19,3,15,1,0,2025-05,Friday,Low,OTA,Chinese,0,1,Regular,CANCELLED,2025-05-01,1980.0,5940.0,0,0.0,594.0,457.38,6991.38,1048.71,5942.67
779,241,13,203,Suite,2025-05-02,2025-05-27,2025-06-01,5,25,2,2,2025-05,Tuesday,Low,OTA,Malaysian,0,1,Regular,CHECKED_OUT,,3780.0,18900.0,0,0.0,1890.0,1455.3,22245.3,3336.79,18908.51
780,604,7,107,Deluxe,2025-05-02,2025-06-23,2025-06-24,1,52,2,2,2025-06,Monday,Low,OTA,Singaporean,0,0,Regular,CANCELLED,2025-05-12,1821.6,1821.6,0,0.0,182.16,140.26,2144.02,321.6,1822.42
781,605,4,104,Standard,2025-05-02,2025-06-03,2025-06-04,1,32,3,0,2025-06,Tuesday,Low,Website,Indian,1,0,Regular,CHECKED_OUT,,1159.2,1159.2,1050,0.0,220.92,170.11,2600.23,52.0,2548.22
782,606,3,103,Standard,2025-05-02,2025-05-06,2025-05-07,1,4,1,0,2025-05,Tuesday,Low,OTA,Malaysian,1,0,Regular,CANCELLED,2025-05-06,1260.0,1260.0,350,0.0,161.0,123.97,1894.97,284.25,1610.72
783,234,10,110,Deluxe,2025-05-02,2025-05-26,2025-05-28,2,24,3,0,2025-05,Monday,Low,OTA,Indian,1,0,Regular,CHECKED_OUT,,1980.0,3960.0,2100,0.0,606.0,466.62,7132.62,1069.89,6062.73
784,297,8,108,Deluxe,2025-05-02,2025-05-19,2025-05-20,1,17,2,0,2025-05,Monday,Low,OTA,Thai,0,0,Regular,CHECKED_OUT,,2376.0,2376.0,0,0.0,237.6,182.95,2796.55,419.48,2377.07
785,607,6,106,Standard,2025-05-03,2025-05-10,2025-05-11,1,7,1,0,2025-05,Saturday,Low,Phone,Thai,0,0,Regular,CHECKED_OUT,,1260.0,1260.0,0,0.0,126.0,97.02,1483.02,0.0,1483.02
786,608,9,109,Deluxe,2025-05-03,2025-05-03,2025-05-05,2,0,3,0,2025-05,Saturday,Low,Website,Thai,0,0,Regular,CHECKED_OUT,,2178.0,4356.0,0,0.0,435.6,335.41,5127.01,102.54,5024.47
787,609,5,105,Standard,2025-05-03,2025-05-03,2025-05-04,1,0,2,0,2025-05,Saturday,Low,OTA,Russian,0,0,Regular,CHECKED_OUT,,1512.0,1512.0,0,0.0,151.2,116.42,1779.62,266.94,1512.68
788,610,11,201,Deluxe,2025-05-03,2025-05-09,2025-05-11,2,6,1,0,2025-05,Friday,Low,Phone,Thai,1,0,Regular,CHECKED_OUT,,1821.6,3643.2,700,0.0,434.32,334.43,5111.95,0.0,5111.95
789,611,14,204,Family,2025-05-03,2025-06-06,2025-06-09,3,34,2,2,2025-06,Friday,Low,Phone,British,1,0,Regular,CHECKED_OUT,,2484.0,7452.0,2100,0.0,955.2,735.5,11242.7,0.0,11242.7
790,612,3,103,Standard,2025-05-03,2025-05-10,2025-05-11,1,7,1,0,2025-05,Saturday,Low,OTA,Indian,0,0,Regular,CHECKED_OUT,,1386.0,1386.0,0,0.0,138.6,106.72,1631.32,244.7,1386.62
791,613,9,109,Deluxe,2025-05-04,2025-05-17,2025-05-18,1,13,2,0,2025-05,Saturday,Low,OTA,Thai,0,0,Regular,CHECKED_OUT,,2178.0,2178.0,0,0.0,217.8,167.71,2563.51,384.53,2178.98
792,222,4,104,Standard,2025-05-04,2025-05-04,2025-05-06,2,0,1,0,2025-05,Sunday,Low,Walk-in,Thai,0,0,Regular,CHECKED_OUT,,1260.0,2520.0,0,0.0,252.0,194.04,2966.04,0.0,2966.04
793,614,5,105,Standard,2025-05-04,2025-06-19,2025-06-20,1,46,1,0,2025-06,Thursday,Low,Phone,Indian,0,0,Regular,CHECKED_OUT,,1159.2,1159.2,0,0.0,115.92,89.26,1364.38,0.0,1364.38
794,615,13,203,Suite,2025-05-04,2025-05-22,2025-05-23,1,18,2,0,2025-05,Thursday,Low,Phone,Thai,0,0,Regular,CHECKED_OUT,,3780.0,3780.0,0,0.0,378.0,291.06,4449.06,0.0,4449.06
795,616,8,108,Deluxe,2025-05-05,2025-05-20,2025-05-22,2,15,2,0,2025-05,Tuesday,Low,Website,Thai,0,1,Regular,CHECKED_OUT,,1980.0,3960.0,0,0.0,396.0,304.92,4660.92,93.22,4567.7
796,617,3,103,Standard,2025-05-05,2025-05-05,2025-05-06,1,0,2,0,2025-05,Monday,Low,Website,Chinese,0,0,Regular,CHECKED_OUT,,1260.0,1260.0,0,0.0,126.0,97.02,1483.02,29.66,1453.36
797,618,1,101,Standard,2025-05-05,2025-05-12,2025-05-14,2,7,3,0,2025-05,Monday,Low,OTA,Chinese,1,0,Regular,CHECKED_OUT,,1260.0,2520.0,2100,0.0,462.0,355.74,5437.74,815.66,4622.08
798,619,11,201,Deluxe,2025-05-05,2025-06-06,2025-06-08,2,32,2,0,2025-06,Friday,Low,Website,Malaysian,1,0,Regular,CANCELLED,2025-06-03,1821.6,3643.2,1400,0.0,504.32,388.33,5935.85,118.72,5817.13
799,620,10,110,Deluxe,2025-05-06,2025-05-09,2025-05-11,2,3,2,0,2025-05,Friday,Low,OTA,Indian,1,0,Regular,CHECKED_OUT,,1980.0,3960.0,1400,0.0,536.0,412.72,6308.72,946.31,5362.41
800,621,10,110,Deluxe,2025-05-06,2025-06-17,2025-06-18,1,42,2,0,2025-06,Tuesday,Low,Website,Australian,1,0,Regular,CHECKED_OUT,,1821.6,1821.6,700,0.0,252.16,194.16,2967.92,59.36,2908.56
801,622,4,104,Standard,2025-05-06,2025-05-10,2025-05-11,1,4,2,0,2025-05,Saturday,Low,Website,Malaysian,1,0,Regular,CHECKED_OUT,,1512.0,1512.0,700,0.0,221.2,170.32,2603.52,52.07,2551.45
802,120,9,109,Deluxe,2025-05-06,2025-06-05,2025-06-06,1,30,1,0,2025-06,Thursday,Low,OTA,Chinese,1,0,Regular,CHECKED_OUT,,1821.6,1821.6,350,0.0,217.16,167.21,2555.97,383.4,2172.58
803,213,2,102,Standard,2025-05-07,2025-05-15,2025-05-16,1,8,1,0,2025-05,Thursday,Low,Website,Malaysian,0,0,Silver,CHECKED_OUT,,1159.2,1159.2,0,57.96,110.12,84.8,1296.16,25.92,1270.24
804,623,12,202,Suite,2025-05-07,2025-06-22,2025-06-26,4,46,2,0,2025-06,Sunday,Low,OTA,German,1,0,Regular,CHECKED_OUT,,3477.6,13910.4,2800,0.0,1671.04,1286.7,19668.14,2950.22,16717.92
805,624,5,105,Standard,2025-05-08,2025-05-12,2025-05-13,1,4,2,0,2025-05,Monday,Low,OTA,Japanese,1,0,Regular,CHECKED_OUT,,1386.0,1386.0,700,0.0,208.6,160.62,2455.22,368.28,2086.94
806,625,1,101,Standard,2025-05-08,2025-05-25,2025-05-26,1,17,2,0,2025-05,Sunday,Low,OTA,Korean,1,0,Regular,CHECKED_OUT,,1260.0,1260.0,700,0.0,196.0,150.92,2306.92,346.04,1960.88
807,3,9,109,Deluxe,2025-05-08,2025-05-22,2025-05-27,5,14,2,0,2025-05,Thursday,Low,Phone,German,1,1,Gold,CHECKED_OUT,,1980.0,9900.0,3500,1340.0,1206.0,928.62,14194.62,0.0,14194.62
808,626,9,109,Deluxe,2025-05-09,2025-05-09,2025-05-10,1,0,2,0,2025-05,Friday,Low,OTA,Thai,0,0,Regular,NO_SHOW,,1980.0,1980.0,0,0.0,198.0,152.46,2330.46,349.57,1980.89
809,627,12,202,Suite,2025-05-09,2025-05-17,2025-05-18,1,8,2,0,2025-05,Saturday,Low,OTA,Thai,0,0,Regular,CANCELLED,2025-05-11,4158.0,4158.0,0,0.0,415.8,320.17,4893.97,734.09,4159.87
810,628,13,203,Suite,2025-05-09,2025-06-08,2025-06-10,2,30,3,0,2025-06,Sunday,Low,Phone,Thai,1,1,Regular,CHECKED_OUT,,3477.6,6955.2,2100,0.0,905.52,697.25,10657.97,0.0,10657.97
811,629,6,106,Standard,2025-05-09,2025-05-09,2025-05-10,1,0,2,0,2025-05,Friday,Low,Website,Russian,1,0,Regular,CHECKED_OUT,,1260.0,1260.0,700,0.0,196.0,150.92,2306.92,46.14,2260.78
812,630,7,107,Deluxe,2025-05-10,2025-05-24,2025-05-25,1,14,2,0,2025-05,Saturday,Low,OTA,Thai,0,0,Regular,CHECKED_OUT,,1980.0,1980.0,0,0.0,198.0,152.46,2330.46,349.57,1980.89
813,631,1,101,Standard,2025-05-10,2025-05-10,2025-05-11,1,0,2,0,2025-05,Saturday,Low,Phone,Chinese,1,0,Regular,CHECKED_OUT,,1512.0,1512.0,700,0.0,221.2,170.32,2603.52,0.0,2603.52
814,632,2,102,Standard,2025-05-10,2025-05-17,2025-05-18,1,7,2,2,2025-05,Saturday,Low,OTA,Thai,0,0,Regular,CANCELLED,2025-05-16,1386.0,1386.0,0,0.0,138.6,106.72,1631.32,244.7,1386.62
815,633,13,203,Suite,2025-05-11,2025-05-23,2025-05-24,1,12,2,2,2025-05,Friday,Low,Phone,Thai,1,1,Regular,CHECKED_OUT,,4158.0,4158.0,700,0.0,485.8,374.07,5717.87,0.0,5717.87
816,634,12,202,Suite,2025-05-11,2025-06-06,2025-06-10,4,26,2,1,2025-06,Friday,Low,Website,American,1,1,Regular,CHECKED_OUT,,3477.6,13910.4,2800,0.0,1671.04,1286.7,19668.14,393.36,19274.78
817,635,9,109,Deluxe,2025-05-12,2025-05-20,2025-05-21,1,8,2,0,2025-05,Tuesday,Low,OTA,Thai,0,0,Regular,CANCELLED,2025-05-14,1980.0,1980.0,0,0.0,198.0,152.46,2330.46,349.57,1980.89
818,636,9,109,Deluxe,2025-05-12,2025-05-13,2025-05-15,2,1,2,1,2025-05,Tuesday,Low,Website,Singaporean,1,0,Regular,CHECKED_OUT,,1980.0,3960.0,1400,0.0,536.0,412.72,6308.72,126.17,6182.55
819,637,13,203,Suite,2025-05-12,2025-05-24,2025-05-26,2,12,2,1,2025-05,Saturday,Low,OTA,Thai,0,1,Regular,CHECKED_OUT,,3780.0,7560.0,0,0.0,756.0,582.12,8898.12,1334.72,7563.4
820,638,10,110,Deluxe,2025-05-13,2025-05-30,2025-05-31,1,17,1,0,2025-05,Friday,Low,Phone,Thai,1,0,Regular,CHECKED_OUT,,1980.0,1980.0,350,0.0,233.0,179.41,2742.41,0.0,2742.41
821,639,8,108,Deluxe,2025-05-13,2025-06-20,2025-06-24,4,38,1,0,2025-06,Friday,Low,OTA,Korean,1,0,Regular,CHECKED_OUT,,1821.6,7286.4,1400,0.0,868.64,668.85,10223.89,1533.58,8690.31
822,640,14,204,Family,2025-05-13,2025-06-11,2025-06-13,2,29,3,0,2025-06,Wednesday,Low,OTA,Japanese,1,0,Regular,CHECKED_OUT,,2484.0,4968.0,2100,0.0,706.8,544.24,8319.04,1247.86,7071.18
823,641,10,110,Deluxe,2025-05-13,2025-05-13,2025-05-16,3,0,2,0,2025-05,Tuesday,Low,Phone,Thai,1,0,Regular,CHECKED_OUT,,1980.0,5940.0,2100,0.0,804.0,619.08,9463.08,0.0,9463.08
824,642,7,107,Deluxe,2025-05-13,2025-06-08,2025-06-10,2,26,2,0,2025-06,Sunday,Low,OTA,Russian,1,0,Regular,CANCELLED,2025-06-06,1821.6,3643.2,1400,0.0,504.32,388.33,5935.85,890.38,5045.47
825,643,6,106,Standard,2025-05-13,2025-06-06,2025-06-11,5,24,1,0,2025-06,Friday,Low,OTA,Australian,1,0,Regular,CANCELLED,2025-05-26,1159.2,5796.0,1750,0.0,754.6,581.04,8881.64,1332.25,7549.4
826,644,6,106,Standard,2025-05-14,2025-05-14,2025-05-16,2,0,2,0,2025-05,Wednesday,Low,Walk-in,Thai,0,0,Regular,CHECKED_OUT,,1260.0,2520.0,0,0.0,252.0,194.04,2966.04,0.0,2966.04
827,645,7,107,Deluxe,2025-05-14,2025-06-22,2025-07-06,14,39,2,0,2025-06,Sunday,Low,OTA,British,0,0,Regular,CONFIRMED,,1821.6,25502.4,0,0.0,2550.24,1963.68,30016.32,4502.45,25513.88
828,646,2,102,Standard,2025-05-14,2025-05-16,2025-05-17,1,2,1,0,2025-05,Friday,Low,Phone,Thai,1,0,Regular,CHECKED_OUT,,1260.0,1260.0,350,0.0,161.0,123.97,1894.97,0.0,1894.97
829,647,5,105,Standard,2025-05-14,2025-06-29,2025-07-01,2,46,1,0,2025-06,Sunday,Low,OTA,Korean,1,0,Regular,CONFIRMED,,1159.2,2318.4,700,0.0,301.84,232.42,3552.66,532.9,3019.76
830,196,12,202,Suite,2025-05-15,2025-06-03,2025-06-04,1,19,3,0,2025-06,Tuesday,Low,OTA,Thai,0,0,Regular,CHECKED_OUT,,3477.6,3477.6,0,0.0,347.76,267.78,4093.14,613.97,3479.16
831,648,6,106,Standard,2025-05-15,2025-06-04,2025-06-09,5,20,2,0,2025-06,Wednesday,Low,OTA,Russian,1,0,Regular,CANCELLED,2025-05-21,1159.2,5796.0,3500,0.0,929.6,715.79,10941.39,1641.21,9300.18
832,377,1,101,Standard,2025-05-15,2025-05-15,2025-05-16,1,0,2,0,2025-05,Thursday,Low,OTA,Thai,0,0,Regular,CHECKED_OUT,,1260.0,1260.0,0,0.0,126.0,97.02,1483.02,222.45,1260.57
833,416,4,104,Standard,2025-05-16,2025-06-27,2025-06-29,2,42,1,0,2025-06,Friday,Low,OTA,Korean,1,0,Regular,CHECKED_OUT,,1159.2,2318.4,700,0.0,301.84,232.42,3552.66,532.9,3019.76
834,649,11,201,Deluxe,2025-05-16,2025-05-24,2025-05-25,1,8,2,0,2025-05,Saturday,Low,Website,Thai,0,0,Regular,CANCELLED,2025-05-22,1980.0,1980.0,0,0.0,198.0,152.46,2330.46,46.61,2283.85
835,650,2,102,Standard,2025-05-16,2025-05-31,2025-06-06,6,15,2,1,2025-05,Saturday,Low,OTA,Chinese,1,0,Regular,CHECKED_OUT,,1159.2,6955.2,4200,0.0,1115.52,858.95,13129.67,1969.45,11160.22
836,651,2,102,Standard,2025-05-16,2025-05-17,2025-05-18,1,1,2,0,2025-05,Saturday,Low,Website,Thai,0,0,Regular,CHECKED_OUT,,1386.0,1386.0,0,0.0,138.6,106.72,1631.32,32.63,1598.7
837,652,12,202,Suite,2025-05-17,2025-05-17,2025-05-18,1,0,2,1,2025-05,Saturday,Low,Website,Thai,1,1,Regular,CHECKED_OUT,,4536.0,4536.0,700,0.0,523.6,403.17,6162.77,123.26,6039.52
838,653,10,110,Deluxe,2025-05-17,2025-06-18,2025-06-19,1,32,2,0,2025-06,Wednesday,Low,OTA,Korean,0,0,Regular,CHECKED_OUT,,1821.6,1821.6,0,0.0,182.16,140.26,2144.02,321.6,1822.42
839,654,7,107,Deluxe,2025-05-17,2025-05-22,2025-05-24,2,5,2,1,2025-05,Thursday,Low,Website,Malaysian,0,0,Regular,CHECKED_OUT,,1980.0,3960.0,0,0.0,396.0,304.92,4660.92,93.22,4567.7
840,655,6,106,Standard,2025-05-18,2025-05-29,2025-06-02,4,11,2,0,2025-05,Thursday,Low,OTA,Thai,0,0,Regular,CANCELLED,2025-05-25,1159.2,4636.8,0,0.0,463.68,357.03,5457.51,818.63,4638.89
841,88,11,201,Deluxe,2025-05-18,2025-05-23,2025-05-25,2,5,1,0,2025-05,Friday,Low,OTA,Thai,0,1,Regular,CHECKED_OUT,,2376.0,4752.0,0,0.0,475.2,365.9,5593.1,838.97,4754.14
842,656,4,104,Standard,2025-05-18,2025-06-08,2025-06-10,2,21,1,0,2025-06,Sunday,Low,OTA,Australian,0,0,Regular,CHECKED_OUT,,1159.2,2318.4,0,0.0,231.84,178.52,2728.76,409.31,2319.44
843,657,7,107,Deluxe,2025-05-18,2025-05-31,2025-06-02,2,13,2,0,2025-05,Saturday,Low,OTA,German,1,0,Regular,CHECKED_OUT,,1821.6,3643.2,1400,0.0,504.32,388.33,5935.85,890.38,5045.47
844,658,13,203,Suite,2025-05-19,2025-06-05,2025-06-06,1,17,2,2,2025-06,Thursday,Low,OTA,Chinese,1,0,Regular,CHECKED_OUT,,3477.6,3477.6,700,0.0,417.76,321.68,4917.04,737.56,4179.48
845,659,12,202,Suite,2025-05-19,2025-05-22,2025-05-23,1,3,2,0,2025-05,Thursday,Low,Phone,Thai,1,1,Regular,CHECKED_OUT,,3780.0,3780.0,700,0.0,448.0,344.96,5272.96,0.0,5272.96
846,660,6,106,Standard,2025-05-20,2025-06-03,2025-06-06,3,14,1,0,2025-06,Tuesday,Low,OTA,Chinese,0,0,Regular,CHECKED_OUT,,1260.0,3780.0,0,0.0,378.0,291.06,4449.06,667.36,3781.7
847,661,6,106,Standard,2025-05-20,2025-06-19,2025-06-22,3,30,1,0,2025-06,Thursday,Low,OTA,German,1,0,Regular,CHECKED_OUT,,1159.2,3477.6,1050,0.0,452.76,348.63,5328.99,799.35,4529.64
848,662,1,101,Standard,2025-05-21,2025-06-05,2025-06-19,14,15,2,0,2025-06,Thursday,Low,Phone,Russian,1,0,Regular,CANCELLED,2025-05-31,1260.0,17640.0,9800,0.0,2744.0,2112.88,32296.88,0.0,32296.88
849,108,15,205,Family,2025-05-21,2025-06-04,2025-06-05,1,14,2,1,2025-06,Wednesday,Low,OTA,Thai,1,0,Regular,CHECKED_OUT,,2484.0,2484.0,700,0.0,318.4,245.17,3747.57,562.14,3185.43
850,663,4,104,Standard,2025-05-21,2025-05-27,2025-05-29,2,6,2,0,2025-05,Tuesday,Low,OTA,Malaysian,0,0,Regular,CHECKED_OUT,,1260.0,2520.0,0,0.0,252.0,194.04,2966.04,444.91,2521.13
851,664,14,204,Family,2025-05-21,2025-06-21,2025-06-23,2,31,2,2,2025-06,Saturday,Low,OTA,Thai,0,0,Regular,CHECKED_OUT,,2484.0,4968.0,0,0.0,496.8,382.54,5847.34,877.1,4970.24
852,665,15,205,Family,2025-05-22,2025-05-29,2025-05-31,2,7,2,2,2025-05,Thursday,Low,OTA,Malaysian,0,0,Regular,CHECKED_OUT,,2484.0,4968.0,0,0.0,496.8,382.54,5847.34,877.1,4970.24
853,666,15,205,Family,2025-05-22,2025-05-22,2025-05-23,1,0,2,1,2025-05,Thursday,Low,Website,Thai,0,0,Regular,CHECKED_OUT,,2970.0,2970.0,0,0.0,297.0,228.69,3495.69,69.91,3425.78
854,667,15,205,Family,2025-05-22,2025-05-26,2025-05-27,1,4,2,1,2025-05,Monday,Low,OTA,German,1,0,Regular,CHECKED_OUT,,2700.0,2700.0,700,0.0,340.0,261.8,4001.8,600.27,3401.53
855,668,9,109,Deluxe,2025-05-22,2025-06-21,2025-06-22,1,30,2,0,2025-06,Saturday,Low,Website,Thai,0,0,Regular,CHECKED_OUT,,1821.6,1821.6,0,0.0,182.16,140.26,2144.02,42.88,2101.14
856,603,9,109,Deluxe,2025-05-22,2025-06-12,2025-06-13,1,21,2,0,2025-06,Thursday,Low,OTA,Korean,1,0,Regular,CANCELLED,2025-05-27,1821.6,1821.6,700,0.0,252.16,194.16,2967.92,445.19,2522.73
857,669,1,101,Standard,2025-05-22,2025-06-07,2025-06-11,4,16,2,0,2025-06,Saturday,Low,OTA,Australian,1,0,Regular,CHECKED_OUT,,1260.0,5040.0,2800,0.0,784.0,603.68,9227.68,1384.15,7843.53
858,628,13,203,Suite,2025-05-23,2025-06-06,2025-06-08,2,14,2,2,2025-06,Friday,Low,Phone,Thai,1,1,Regular,CHECKED_OUT,,3477.6,6955.2,1400,0.0,835.52,643.35,9834.07,0.0,9834.07
859,670,6,106,Standard,2025-05-23,2025-05-28,2025-06-01,4,5,2,0,2025-05,Wednesday,Low,OTA,Indian,0,0,Regular,CHECKED_OUT,,1260.0,5040.0,0,0.0,504.0,388.08,5932.08,889.81,5042.27
860,416,4,104,Standard,2025-05-23,2025-06-05,2025-06-07,2,13,1,0,2025-06,Thursday,Low,OTA,Korean,0,0,Regular,CHECKED_OUT,,1260.0,2520.0,0,0.0,252.0,194.04,2966.04,444.91,2521.13
861,671,9,109,Deluxe,2025-05-24,2025-06-01,2025-06-04,3,8,2,0,2025-06,Sunday,Low,Website,Indian,0,0,Regular,CHECKED_OUT,,1821.6,5464.8,0,0.0,546.48,420.79,6432.07,128.64,6303.43
862,672,1,101,Standard,2025-05-24,2025-06-21,2025-06-22,1,28,2,0,2025-06,Saturday,Low,Phone,Malaysian,1,0,Regular,CHECKED_OUT,,1159.2,1159.2,700,0.0,185.92,143.16,2188.28,0.0,2188.28
863,587,7,107,Deluxe,2025-05-25,2025-05-25,2025-05-27,2,0,1,0,2025-05,Sunday,Low,OTA,Russian,1,0,Regular,CHECKED_OUT,,2178.0,4356.0,700,0.0,505.6,389.31,5950.91,892.64,5058.28
864,673,11,201,Deluxe,2025-05-25,2025-05-28,2025-06-08,11,3,1,0,2025-05,Wednesday,Low,OTA,Australian,1,1,Regular,CHECKED_OUT,,1980.0,21780.0,3850,0.0,2563.0,1973.51,30166.51,4524.98,25641.53
865,74,5,105,Standard,2025-05-25,2025-06-02,2025-06-04,2,8,2,0,2025-06,Monday,Low,Phone,Malaysian,0,0,Regular,CHECKED_OUT,,1159.2,2318.4,0,0.0,231.84,178.52,2728.76,0.0,2728.76
866,674,2,102,Standard,2025-05-25,2025-05-29,2025-05-31,2,4,1,0,2025-05,Thursday,Low,OTA,Korean,0,0,Regular,CHECKED_OUT,,1260.0,2520.0,0,0.0,252.0,194.04,2966.04,444.91,2521.13
867,675,7,107,Deluxe,2025-05-25,2025-06-07,2025-06-09,2,13,2,0,2025-06,Saturday,Low,Website,Australian,1,0,Regular,CHECKED_OUT,,1980.0,3960.0,1400,0.0,536.0,412.72,6308.72,126.17,6182.55
868,676,14,204,Family,2025-05-25,2025-05-31,2025-06-01,1,6,2,2,2025-05,Saturday,Low,OTA,Chinese,1,0,Regular,CANCELLED,2025-05-26,2700.0,2700.0,700,0.0,340.0,261.8,4001.8,600.27,3401.53
869,677,8,108,Deluxe,2025-05-26,2025-06-03,2025-06-06,3,8,1,0,2025-06,Tuesday,Low,OTA,Chinese,1,0,Regular,CHECKED_OUT,,1980.0,5940.0,1050,0.0,699.0,538.23,8227.23,1234.08,6993.15
870,678,1,101,Standard,2025-05-26,2025-05-28,2025-05-30,2,2,2,0,2025-05,Wednesday,Low,Phone,Thai,0,0,Regular,CHECKED_OUT,,1260.0,2520.0,0,0.0,252.0,194.04,2966.04,0.0,2966.04
871,64,13,203,Suite,2025-05-26,2025-06-14,2025-06-16,2,19,2,0,2025-06,Saturday,Low,OTA,Singaporean,1,0,Silver,CHECKED_OUT,,3477.6,6955.2,1400,417.76,793.74,611.18,9342.37,1401.36,7941.01
872,679,9,109,Deluxe,2025-05-26,2025-05-28,2025-06-01,4,2,2,0,2025-05,Wednesday,Low,OTA,Chinese,1,1,Regular,CANCELLED,2025-05-28,2178.0,8712.0,2800,0.0,1151.2,886.42,13549.62,2032.44,11517.18
873,614,7,107,Deluxe,2025-05-26,2025-06-04,2025-06-05,1,9,2,0,2025-06,Wednesday,Low,OTA,Indian,1,0,Regular,CHECKED_OUT,,1980.0,1980.0,700,0.0,268.0,206.36,3154.36,473.15,2681.21
874,680,8,108,Deluxe,2025-05-26,2025-05-28,2025-05-30,2,2,2,0,2025-05,Wednesday,Low,OTA,Thai,1,1,Regular,CHECKED_OUT,,2178.0,4356.0,1400,0.0,575.6,443.21,6774.81,1016.22,5758.59
875,97,1,101,Standard,2025-05-26,2025-05-27,2025-05-28,1,1,1,0,2025-05,Tuesday,Low,OTA,Korean,1,0,Regular,CHECKED_OUT,,1260.0,1260.0,350,0.0,161.0,123.97,1894.97,284.25,1610.72
876,681,10,110,Deluxe,2025-05-26,2025-06-27,2025-07-02,5,32,2,2,2025-06,Friday,Low,OTA,Korean,0,0,Regular,NO_SHOW,,1821.6,9108.0,0,0.0,910.8,701.32,10720.12,1608.02,9112.1
877,682,3,103,Standard,2025-05-27,2025-06-15,2025-06-29,14,19,3,0,2025-06,Sunday,Low,OTA,British,1,0,Regular,CANCELLED,2025-06-03,1159.2,16228.8,14700,0.0,3092.88,2381.52,36403.2,5460.48,30942.72
878,683,5,105,Standard,2025-05-27,2025-06-28,2025-06-29,1,32,1,0,2025-06,Saturday,Low,OTA,Singaporean,1,0,Regular,CANCELLED,2025-05-27,1159.2,1159.2,350,0.0,150.92,116.21,1776.33,266.45,1509.88
879,684,9,109,Deluxe,2025-05-27,2025-06-28,2025-06-30,2,32,1,0,2025-06,Saturday,Low,Website,Singaporean,1,0,Regular,CHECKED_OUT,,1821.6,3643.2,700,0.0,434.32,334.43,5111.95,102.24,5009.71
880,685,1,101,Standard,2025-05-27,2025-06-13,2025-06-14,1,17,2,0,2025-06,Friday,Low,OTA,Chinese,1,0,Regular,CHECKED_OUT,,1159.2,1159.2,700,0.0,185.92,143.16,2188.28,328.24,1860.04
881,686,12,202,Suite,2025-05-28,2025-06-11,2025-06-12,1,14,2,1,2025-06,Wednesday,Low,Website,Thai,0,1,Regular,CHECKED_OUT,,3477.6,3477.6,0,0.0,347.76,267.78,4093.14,81.86,4011.27
882,687,5,105,Standard,2025-05-28,2025-06-05,2025-06-06,1,8,1,0,2025-06,Thursday,Low,OTA,Chinese,1,0,Regular,CHECKED_OUT,,1260.0,1260.0,350,0.0,161.0,123.97,1894.97,284.25,1610.72
883,688,5,105,Standard,2025-05-28,2025-06-06,2025-06-08,2,9,1,0,2025-06,Friday,Low,OTA,Singaporean,1,0,Regular,CANCELLED,2025-06-01,1260.0,2520.0,700,0.0,322.0,247.94,3789.94,568.49,3221.45
884,505,7,107,Deluxe,2025-05-28,2025-06-17,2025-06-18,1,20,2,0,2025-06,Tuesday,Low,Website,Indian,1,0,Regular,CHECKED_OUT,,1821.6,1821.6,700,0.0,252.16,194.16,2967.92,59.36,2908.56
885,689,9,109,Deluxe,2025-05-28,2025-05-31,2025-06-01,1,3,2,1,2025-05,Saturday,Low,OTA,Australian,0,0,Regular,NO_SHOW,,1980.0,1980.0,0,0.0,198.0,152.46,2330.46,349.57,1980.89
886,690,6,106,Standard,2025-05-29,2025-06-15,2025-06-16,1,17,2,0,2025-06,Sunday,Low,Website,Thai,1,0,Regular,CHECKED_OUT,,1159.2,1159.2,700,0.0,185.92,143.16,2188.28,43.77,2144.51
887,691,11,201,Deluxe,2025-05-29,2025-06-22,2025-06-23,1,24,2,2,2025-06,Sunday,Low,OTA,Indian,1,0,Regular,CANCELLED,2025-06-18,1821.6,1821.6,700,0.0,252.16,194.16,2967.92,445.19,2522.73
888,692,12,202,Suite,2025-05-29,2025-05-31,2025-06-01,1,2,2,0,2025-05,Saturday,Low,OTA,Malaysian,1,1,Regular,CHECKED_OUT,,3780.0,3780.0,700,0.0,448.0,344.96,5272.96,790.94,4482.02
889,693,4,104,Standard,2025-05-29,2025-05-31,2025-06-03,3,2,1,0,2025-05,Saturday,Low,Phone,Thai,0,0,Regular,CHECKED_OUT,,1260.0,3780.0,0,0.0,378.0,291.06,4449.06,0.0,4449.06
890,694,3,103,Standard,2025-05-29,2025-06-14,2025-06-28,14,16,1,0,2025-06,Saturday,Low,OTA,German,1,0,Regular,CHECKED_OUT,,1159.2,16228.8,4900,0.0,2112.88,1626.92,24868.6,3730.29,21138.31
891,695,3,103,Standard,2025-05-30,2025-06-29,2025-07-02,3,30,2,0,2025-06,Sunday,Low,OTA,Russian,1,0,Regular,CONFIRMED,,1260.0,3780.0,2100,0.0,588.0,452.76,6920.76,1038.11,5882.65
892,696,8,108,Deluxe,2025-05-30,2025-06-13,2025-06-18,5,14,1,0,2025-06,Friday,Low,OTA,Indian,1,0,Regular,CHECKED_OUT,,1821.6,9108.0,1750,0.0,1085.8,836.07,12779.87,1916.98,10862.89
893,697,13,203,Suite,2025-05-30,2025-06-21,2025-06-29,8,22,2,0,2025-06,Saturday,Low,OTA,British,1,1,Regular,CANCELLED,2025-05-30,3780.0,30240.0,5600,0.0,3584.0,2759.68,42183.68,6327.55,35856.13
894,698,4,104,Standard,2025-05-30,2025-06-14,2025-06-15,1,15,2,0,2025-06,Saturday,Low,OTA,Chinese,1,0,Regular,CHECKED_OUT,,1159.2,1159.2,700,0.0,185.92,143.16,2188.28,328.24,1860.04
895,699,6,106,Standard,2025-05-31,2025-06-09,2025-06-15,6,9,2,0,2025-06,Monday,Low,Website,Indian,0,0,Regular,CHECKED_OUT,,1260.0,7560.0,0,0.0,756.0,582.12,8898.12,177.96,8720.16
896,700,5,105,Standard,2025-05-31,2025-06-15,2025-06-19,4,15,2,0,2025-06,Sunday,Low,Phone,Chinese,1,0,Regular,CHECKED_OUT,,1159.2,4636.8,2800,0.0,743.68,572.63,8753.11,0.0,8753.11
897,290,1,101,Standard,2025-05-31,2025-05-31,2025-06-05,5,0,2,2,2025-05,Saturday,Low,Walk-in,German,1,0,Regular,CHECKED_OUT,,1386.0,6930.0,3500,0.0,1043.0,803.11,12276.11,0.0,12276.11
898,701,13,203,Suite,2025-06-01,2025-06-28,2025-06-30,2,27,2,0,2025-06,Saturday,Low,Website,Thai,0,1,Regular,CHECKED_OUT,,3780.0,7560.0,0,0.0,756.0,582.12,8898.12,177.96,8720.16
899,702,14,204,Family,2025-06-01,2025-06-13,2025-06-17,4,12,2,1,2025-06,Friday,Low,Phone,Malaysian,1,0,Regular,CHECKED_OUT,,2700.0,10800.0,2800,0.0,1360.0,1047.2,16007.2,0.0,16007.2
900,371,15,205,Family,2025-06-02,2025-06-06,2025-06-07,1,4,2,2,2025-06,Friday,Low,OTA,Thai,0,0,Regular,CANCELLED,2025-06-06,2700.0,2700.0,0,0.0,270.0,207.9,3177.9,476.69,2701.22
901,703,5,105,Standard,2025-06-02,2025-06-11,2025-06-12,1,9,2,1,2025-06,Wednesday,Low,OTA,Chinese,1,0,Regular,CHECKED_OUT,,1260.0,1260.0,700,0.0,196.0,150.92,2306.92,346.04,1960.88
902,704,4,104,Standard,2025-06-02,2025-06-30,2025-07-05,5,28,2,0,2025-06,Monday,Low,OTA,Russian,1,0,Regular,CONFIRMED,,1260.0,6300.0,3500,0.0,980.0,754.6,11534.6,1730.19,9804.41
903,705,8,108,Deluxe,2025-06-02,2025-06-11,2025-06-13,2,9,2,0,2025-06,Wednesday,Low,Phone,Thai,1,0,Regular,CHECKED_OUT,,1980.0,3960.0,1400,0.0,536.0,412.72,6308.72,0.0,6308.72
904,706,11,201,Deluxe,2025-06-03,2025-06-16,2025-06-20,4,13,2,0,2025-06,Monday,Low,OTA,Singaporean,0,0,Regular,CHECKED_OUT,,1821.6,7286.4,0,0.0,728.64,561.05,8576.09,1286.41,7289.68
905,707,11,201,Deluxe,2025-06-03,2025-06-13,2025-06-15,2,10,2,0,2025-06,Friday,Low,Phone,Thai,0,0,Regular,CHECKED_OUT,,1980.0,3960.0,0,0.0,396.0,304.92,4660.92,0.0,4660.92
906,708,5,105,Standard,2025-06-03,2025-06-22,2025-06-23,1,19,2,0,2025-06,Sunday,Low,Phone,Malaysian,1,0,Regular,CHECKED_OUT,,1260.0,1260.0,700,0.0,196.0,150.92,2306.92,0.0,2306.92
907,709,7,107,Deluxe,2025-06-03,2025-06-05,2025-06-06,1,2,2,0,2025-06,Thursday,Low,OTA,Korean,1,0,Regular,CHECKED_OUT,,1980.0,1980.0,700,0.0,268.0,206.36,3154.36,473.15,2681.21
908,710,7,107,Deluxe,2025-06-04,2025-06-13,2025-06-15,2,9,2,0,2025-06,Friday,Low,OTA,Malaysian,1,0,Regular,CHECKED_OUT,,1980.0,3960.0,1400,0.0,536.0,412.72,6308.72,946.31,5362.41
909,711,12,202,Suite,2025-06-04,2025-06-29,2025-07-04,5,25,2,0,2025-06,Sunday,Low,OTA,British,1,1,Regular,CANCELLED,2025-06-17,3780.0,18900.0,3500,0.0,2240.0,1724.8,26364.8,3954.72,22410.08
910,712,2,102,Standard,2025-06-05,2025-06-07,2025-06-09,2,2,2,0,2025-06,Saturday,Low,Website,Malaysian,1,0,Regular,CHECKED_OUT,,1386.0,2772.0,1400,0.0,417.2,321.24,4910.44,98.21,4812.24
911,713,7,107,Deluxe,2025-06-05,2025-06-06,2025-06-07,1,1,2,0,2025-06,Friday,Low,OTA,Singaporean,0,0,Regular,CHECKED_OUT,,1980.0,1980.0,0,0.0,198.0,152.46,2330.46,349.57,1980.89
912,714,9,109,Deluxe,2025-06-06,2025-06-06,2025-06-07,1,0,2,0,2025-06,Friday,Low,Website,Thai,1,0,Regular,CHECKED_OUT,,1980.0,1980.0,700,0.0,268.0,206.36,3154.36,63.09,3091.27
913,715,11,201,Deluxe,2025-06-07,2025-06-23,2025-06-25,2,16,1,0,2025-06,Monday,Low,OTA,Thai,0,0,Regular,CANCELLED,2025-06-09,1821.6,3643.2,0,0.0,364.32,280.53,4288.05,643.21,3644.84
914,422,14,204,Family,2025-06-07,2025-06-26,2025-07-01,5,19,2,2,2025-06,Thursday,Low,OTA,Korean,1,0,Regular,CONFIRMED,,2484.0,12420.0,3500,0.0,1592.0,1225.84,18737.84,2810.68,15927.16
915,716,10,110,Deluxe,2025-06-07,2025-06-13,2025-06-17,4,6,2,0,2025-06,Friday,Low,Website,Korean,1,1,Regular,CHECKED_OUT,,1980.0,7920.0,2800,0.0,1072.0,825.44,12617.44,252.35,12365.09
916,717,9,109,Deluxe,2025-06-07,2025-06-12,2025-06-15,3,5,3,0,2025-06,Thursday,Low,Phone,Thai,0,0,Regular,CHECKED_OUT,,1980.0,5940.0,0,0.0,594.0,457.38,6991.38,0.0,6991.38
917,718,5,105,Standard,2025-06-08,2025-06-14,2025-06-15,1,6,2,0,2025-06,Saturday,Low,OTA,Singaporean,1,0,Regular,CANCELLED,2025-06-11,1386.0,1386.0,700,0.0,208.6,160.62,2455.22,368.28,2086.94
918,719,3,103,Standard,2025-06-08,2025-06-08,2025-06-09,1,0,1,0,2025-06,Sunday,Low,Walk-in,Thai,1,0,Regular,CHECKED_OUT,,1260.0,1260.0,350,0.0,161.0,123.97,1894.97,0.0,1894.97
919,720,2,102,Standard,2025-06-08,2025-06-28,2025-06-29,1,20,2,0,2025-06,Saturday,Low,OTA,Thai,1,0,Regular,CHECKED_OUT,,1260.0,1260.0,700,0.0,196.0,150.92,2306.92,346.04,1960.88
920,721,6,106,Standard,2025-06-09,2025-06-24,2025-06-25,1,15,2,0,2025-06,Tuesday,Low,OTA,Malaysian,1,0,Regular,CHECKED_OUT,,1159.2,1159.2,700,0.0,185.92,143.16,2188.28,328.24,1860.04
921,722,3,103,Standard,2025-06-09,2025-06-09,2025-06-13,4,0,2,0,2025-06,Monday,Low,Phone,Indian,1,0,Regular,CHECKED_OUT,,1260.0,5040.0,2800,0.0,784.0,603.68,9227.68,0.0,9227.68
922,723,13,203,Suite,2025-06-09,2025-06-22,2025-06-25,3,13,2,1,2025-06,Sunday,Low,Website,Singaporean,0,1,Regular,CHECKED_OUT,,3780.0,11340.0,0,0.0,1134.0,873.18,13347.18,266.94,13080.24
923,724,7,107,Deluxe,2025-06-09,2025-06-16,2025-06-17,1,7,2,0,2025-06,Monday,Low,OTA,Malaysian,1,0,Regular,CHECKED_OUT,,1980.0,1980.0,700,0.0,268.0,206.36,3154.36,473.15,2681.21
924,725,4,104,Standard,2025-06-10,2025-06-23,2025-06-24,1,13,2,1,2025-06,Monday,Low,Website,Malaysian,1,0,Regular,CHECKED_OUT,,1260.0,1260.0,700,0.0,196.0,150.92,2306.92,46.14,2260.78
925,726,4,104,Standard,2025-06-10,2025-06-18,2025-06-19,1,8,1,0,2025-06,Wednesday,Low,Website,Thai,0,0,Regular,CHECKED_OUT,,1159.2,1159.2,0,0.0,115.92,89.26,1364.38,27.29,1337.09
926,252,1,101,Standard,2025-06-11,2025-06-15,2025-06-18,3,4,2,0,2025-06,Sunday,Low,OTA,Thai,0,0,Regular,CHECKED_OUT,,1260.0,3780.0,0,0.0,378.0,291.06,4449.06,667.36,3781.7
927,727,12,202,Suite,2025-06-11,2025-06-19,2025-06-21,2,8,3,0,2025-06,Thursday,Low,Phone,Thai,1,0,Regular,CHECKED_OUT,,3477.6,6955.2,2100,0.0,905.52,697.25,10657.97,0.0,10657.97
928,314,6,106,Standard,2025-06-12,2025-06-23,2025-06-24,1,11,1,0,2025-06,Monday,Low,OTA,Korean,1,0,Regular,CANCELLED,2025-06-14,1260.0,1260.0,350,0.0,161.0,123.97,1894.97,284.25,1610.72
929,728,12,202,Suite,2025-06-13,2025-06-28,2025-06-29,1,15,2,0,2025-06,Saturday,Low,OTA,Thai,0,1,Regular,CHECKED_OUT,,3780.0,3780.0,0,0.0,378.0,291.06,4449.06,667.36,3781.7
930,581,12,202,Suite,2025-06-13,2025-06-16,2025-06-17,1,3,2,1,2025-06,Monday,Low,OTA,Malaysian,1,0,Regular,CHECKED_OUT,,3780.0,3780.0,700,0.0,448.0,344.96,5272.96,790.94,4482.02
931,729,2,102,Standard,2025-06-13,2025-06-21,2025-06-23,2,8,1,0,2025-06,Saturday,Low,OTA,Chinese,1,0,Regular,CHECKED_OUT,,1260.0,2520.0,700,0.0,322.0,247.94,3789.94,568.49,3221.45
932,730,2,102,Standard,2025-06-13,2025-06-16,2025-06-19,3,3,2,0,2025-06,Monday,Low,OTA,Malaysian,0,0,Regular,CHECKED_OUT,,1260.0,3780.0,0,0.0,378.0,291.06,4449.06,667.36,3781.7
933,731,15,205,Family,2025-06-14,2025-06-14,2025-06-17,3,0,2,2,2025-06,Saturday,Low,Walk-in,Chinese,1,0,Regular,CHECKED_OUT,,2970.0,8910.0,2100,0.0,1101.0,847.77,12958.77,0.0,12958.77
934,732,9,109,Deluxe,2025-06-14,2025-06-16,2025-06-21,5,2,1,0,2025-06,Monday,Low,OTA,Chinese,0,1,Regular,CHECKED_OUT,,2178.0,10890.0,0,0.0,1089.0,838.53,12817.53,1922.63,10894.9
935,733,4,104,Standard,2025-06-14,2025-06-20,2025-06-22,2,6,1,0,2025-06,Friday,Low,OTA,Australian,1,0,Regular,CHECKED_OUT,,1159.2,2318.4,700,0.0,301.84,232.42,3552.66,532.9,3019.76
936,734,11,201,Deluxe,2025-06-15,2025-06-21,2025-06-24,3,6,2,0,2025-06,Saturday,Low,OTA,Thai,0,1,Regular,CHECKED_OUT,,1980.0,5940.0,0,0.0,594.0,457.38,6991.38,1048.71,5942.67
937,735,1,101,Standard,2025-06-15,2025-06-19,2025-06-21,2,4,1,0,2025-06,Thursday,Low,OTA,Thai,0,0,Regular,CHECKED_OUT,,1260.0,2520.0,0,0.0,252.0,194.04,2966.04,444.91,2521.13
938,131,1,101,Standard,2025-06-15,2025-06-23,2025-06-24,1,8,1,0,2025-06,Monday,Low,OTA,Japanese,1,0,Regular,CHECKED_OUT,,1260.0,1260.0,350,0.0,161.0,123.97,1894.97,284.25,1610.72
939,736,7,107,Deluxe,2025-06-15,2025-06-19,2025-06-20,1,4,2,0,2025-06,Thursday,Low,OTA,Chinese,1,0,Regular,CHECKED_OUT,,1980.0,1980.0,700,0.0,268.0,206.36,3154.36,473.15,2681.21
940,619,11,201,Deluxe,2025-06-15,2025-06-25,2025-06-26,1,10,2,0,2025-06,Wednesday,Low,Website,Malaysian,0,0,Regular,CHECKED_OUT,,1821.6,1821.6,0,0.0,182.16,140.26,2144.02,42.88,2101.14
941,78,7,107,Deluxe,2025-06-16,2025-06-21,2025-06-22,1,5,2,0,2025-06,Saturday,Low,Website,Malaysian,0,0,Regular,CHECKED_OUT,,1980.0,1980.0,0,0.0,198.0,152.46,2330.46,46.61,2283.85
942,737,1,101,Standard,2025-06-16,2025-06-26,2025-07-02,6,10,2,2,2025-06,Thursday,Low,Phone,Thai,0,0,Regular,CONFIRMED,,1159.2,6955.2,0,0.0,695.52,535.55,8186.27,0.0,8186.27
943,738,4,104,Standard,2025-06-16,2025-06-24,2025-06-27,3,8,2,0,2025-06,Tuesday,Low,Phone,Chinese,1,0,Regular,CHECKED_OUT,,1260.0,3780.0,2100,0.0,588.0,452.76,6920.76,0.0,6920.76
944,625,6,106,Standard,2025-06-16,2025-06-28,2025-06-29,1,12,1,0,2025-06,Saturday,Low,OTA,Korean,1,0,Regular,CHECKED_OUT,,1386.0,1386.0,350,0.0,173.6,133.67,2043.27,306.49,1736.78
945,739,15,205,Family,2025-06-16,2025-06-19,2025-06-20,1,3,2,2,2025-06,Thursday,Low,Website,Thai,0,0,Regular,CHECKED_OUT,,2700.0,2700.0,0,0.0,270.0,207.9,3177.9,63.56,3114.34
946,378,9,109,Deluxe,2025-06-17,2025-06-23,2025-06-24,1,6,2,0,2025-06,Monday,Low,OTA,Thai,0,0,Regular,CHECKED_OUT,,1980.0,1980.0,0,0.0,198.0,152.46,2330.46,349.57,1980.89
947,313,2,102,Standard,2025-06-17,2025-06-24,2025-06-26,2,7,3,0,2025-06,Tuesday,Low,Phone,Malaysian,0,0,Regular,CHECKED_OUT,,1260.0,2520.0,0,0.0,252.0,194.04,2966.04,0.0,2966.04
948,601,15,205,Family,2025-06-18,2025-06-20,2025-06-22,2,2,2,1,2025-06,Friday,Low,OTA,Chinese,0,0,Regular,CANCELLED,2025-06-20,2700.0,5400.0,0,0.0,540.0,415.8,6355.8,953.37,5402.43
949,426,5,105,Standard,2025-06-19,2025-06-27,2025-06-29,2,8,2,0,2025-06,Friday,Low,Phone,Thai,1,0,Regular,CHECKED_OUT,,1260.0,2520.0,1400,0.0,392.0,301.84,4613.84,0.0,4613.84
950,740,7,107,Deluxe,2025-06-20,2025-06-20,2025-06-21,1,0,2,0,2025-06,Friday,Low,Website,Malaysian,1,0,Regular,CHECKED_OUT,,1980.0,1980.0,700,0.0,268.0,206.36,3154.36,63.09,3091.27
951,510,5,105,Standard,2025-06-20,2025-06-20,2025-06-22,2,0,1,0,2025-06,Friday,Low,OTA,Indian,0,0,Regular,CHECKED_OUT,,1260.0,2520.0,0,0.0,252.0,194.04,2966.04,444.91,2521.13
952,741,12,202,Suite,2025-06-20,2025-06-29,2025-06-30,1,9,3,0,2025-06,Sunday,Low,OTA,Malaysian,1,1,Regular,CHECKED_OUT,,4158.0,4158.0,1050,0.0,520.8,401.02,6129.82,919.47,5210.34
953,742,15,205,Family,2025-06-23,2025-06-28,2025-06-29,1,5,2,2,2025-06,Saturday,Low,Website,Malaysian,1,0,Regular,CHECKED_OUT,,3240.0,3240.0,700,0.0,394.0,303.38,4637.38,92.75,4544.63
954,552,5,105,Standard,2025-06-23,2025-06-24,2025-06-25,1,1,2,0,2025-06,Tuesday,Low,OTA,Chinese,1,0,Regular,CHECKED_OUT,,1260.0,1260.0,700,0.0,196.0,150.92,2306.92,346.04,1960.88
955,743,6,106,Standard,2025-06-25,2025-06-29,2025-07-01,2,4,1,0,2025-06,Sunday,Low,OTA,Korean,0,0,Regular,CONFIRMED,,1386.0,2772.0,0,0.0,277.2,213.44,3262.64,489.4,2773.25
956,744,4,104,Standard,2025-06-27,2025-06-29,2025-06-30,1,2,1,0,2025-06,Sunday,Low,OTA,Chinese,1,0,Regular,CHECKED_OUT,,1512.0,1512.0,350,0.0,186.2,143.37,2191.57,328.74,1862.84
957,745,2,102,Standard,2025-06-27,2025-06-29,2025-06-30,1,2,2,2,2025-06,Sunday,Low,Website,Thai,0,0,Regular,CANCELLED,2025-06-28,1512.0,1512.0,0,0.0,151.2,116.42,1779.62,35.59,1744.03
958,746,3,103,Standard,2025-06-28,2025-06-28,2025-06-29,1,0,1,0,2025-06,Saturday,Low,OTA,Chinese,1,0,Regular,CHECKED_OUT,,1512.0,1512.0,350,0.0,186.2,143.37,2191.57,328.74,1862.84
959,747,2,102,Standard,2025-06-29,2025-06-29,2025-06-30,1,0,1,0,2025-06,Sunday,Low,OTA,Malaysian,1,0,Regular,CHECKED_OUT,,1512.0,1512.0,350,0.0,186.2,143.37,2191.57,328.74,1862.84
960,748,2,102,Standard,2025-06-30,2025-06-30,2025-07-01,1,0,2,0,2025-06,Monday,Low,OTA,German,1,0,Regular,CONFIRMED,,1386.0,1386.0,700,0.0,208.6,160.62,2455.22,368.28,2086.94
